Cluster,Identifier
257,4EXP_1_X_A
257,3ejj_B
257,4dkd_B
258,5jke_B
258,5f4e_B
259,4m6b_B
260,5nvn_B
261,1nvu_B
262,3uz0_B
263,6sak_B
264,4g6f_B
265,4yeb_B
266,6og4_B
267,5xda_B
268,2phe_B
269,1t5z_B
270,5glh_B
271,6uys_B
272,4yj4_B
272,2yq7_B
273,1fg9_B
274,5szi_B
274,5szj_B
275,3v1c_B
276,4i2x_B
277,5dcq_B
278,6isu_B
278,5ohp_B
278,2y5b_B
278,5gvi_B
278,1p3q_B
278,3znz_B
279,1vyt_B
280,3gqi_B
281,3sku_B
282,2k3u_B
283,3o6q_B
284,5hdq_B
285,5ft8_B
286,6s29_B
287,2f4m_B
288,3B9F_1_I_H
288,1oyh_B
289,6I3F_1_B_A
290,1vrk_B
291,3cqg_B
291,3cqc_B
292,5JPN_1_C_B
293,4pc0_B
293,4pbz_B
294,3alz_B
295,4cvw_B
296,8C7H_1_C_I
297,6akm_B
298,5ghw_B
299,2v9t_B
300,1t01_B
300,1syq_B
301,3eg5_B
302,6oqk_B
302,6oqj_B
303,5o90_B
304,5bn5_B
305,4an7_B
305,1avx_B
305,1ava_B
305,3bx1_B
305,6dwh_B
305,6dwf_B
306,4g6m_B
306,4g6j_B
306,5bvp_B
307,4ml7_B
308,4yl8_B
309,3ma2_B
309,2j0t_B
310,3zv0_B
311,5tzn_B
312,1jiw_B
313,3ve0_B
314,2wy8_B
315,3vux_B
316,5w9a_B
317,2mj5_B
318,4DEP_1_C_B
319,3tnf_B
320,3im4_B
321,2wg4_B
321,2wfx_B
321,2wg3_B
322,3mj9_B
323,2ma9_B
324,5jjd_B
325,2kwj_B
326,3b4v_B
327,3a4s_B
328,3lb6_B
328,3bpn_B
328,5E4E_1_C_B
329,4p3y_B
330,5ock_B
331,2roz_B
332,5n88_B
332,2b4j_B
333,4m1l_B
334,4a94_B
334,5MRV_1_C_A
335,2n73_B
336,5KY8_1_A_B
336,5KY2_1_A_B
336,5KY7_1_A_B
337,6mvl_B
338,5lz3_B
339,5otj_B
340,2hsq_B
340,2ibf_B
341,1pxv_B
342,4u6h_B
343,6ib8_B
344,4g6u_B
344,4zqu_B
345,1t63_B
346,6bx8_B
346,5nmv_B
346,3p95_B
346,2ftm_B
346,4dg4_B
346,3p92_B
346,1bth_B
346,2r9p_B
346,3fp6_B
346,2ptc_B
346,2ftl_B
346,1f5r_B
346,1fy8_B
346,3u1j_B
346,3tgk_B
346,1f7z_B
346,2ijo_B
346,1eaw_B
346,4u30_B
347,1O7D_1_C_D
348,4f48_B
349,5bt1_B
349,4wnn_B
350,5h3j_B
351,5w3x_B
352,4peq_B
352,1dfj_B
352,3tsr_B
353,1O7D_1_D_C
354,6WEO_1_Y_Z
354,3dgc_B
355,3tei_B
355,4h3p_B
355,5v62_B
356,6gtq_B
357,6L8Q_1_D_C
357,4QZV_1_B_A
357,8WKU_1_B_A
357,4zpt_B
357,5do2_B
357,4KR0_1_B_A
357,5zxv_B
357,6L8Q_1_B_A
357,4zs6_B
358,8FBW_1_D_C
358,6BP2_1_L_A
358,6WAS_1_L_J
358,5W6G_1_L_A
358,8CIN_1_K_C
358,8CIN_1_F_B
358,8CIN_1_L_A
358,6CH7_1_E_B
358,5V7J_1_E_B
358,5UTF_1_E_B
358,5FYK_1_E_B
358,5FYJ_1_E_B
358,5UTY_1_E_B
358,5U7M_1_E_B
358,8HC4_1_M_C
358,6MCO_1_E_B
358,6UTK_1_E_T
358,5FYL_1_E_B
358,5V7J_1_E_G
358,5UM8_1_E_B
358,7KMD_1_E_T
358,8HC4_1_O_A
358,4TVP_1_E_B
358,5U7O_1_E_B
358,8HC4_1_E_B
358,7Q0I_1_L_C
358,5T33_1_L_G
358,5VK2_1_L_a
358,6VY6_1_L_A
358,6P95_1_E_a
358,6P95_1_G_b
358,7BEH_1_L_H
358,6P95_1_L_c
358,6CH7_1_R_G
358,6V8Z_1_Q_M
358,6MUF_1_L_G
358,6NNF_1_L_G
358,6MDT_1_L_G
358,5CEZ_1_L_G
358,6WIX_1_L_G
358,6W03_1_L_G
358,6V8Z_1_E_A
358,5W6D_1_L_G
358,6MTN_1_L_G
358,6MUG_1_L_G
358,6VZI_1_L_G
358,5VK2_1_G_b
358,6MCO_1_L_G
358,5V7J_1_L_G
358,5T3Z_1_L_G
358,6MTJ_1_L_G
358,5VK2_1_E_c
358,6MU6_1_L_G
358,5UM8_1_L_G
358,6V8Z_1_K_G
358,7UCF_1_L_G
358,6CK9_1_L_G
358,5FYK_1_L_G
358,7KMD_1_L_G
358,6URM_1_L_H
358,5FYL_1_L_G
358,4TVP_1_L_G
358,6NM6_1_L_G
358,8D4R_1_L_G
358,4R2G_1_P_E
358,5FYJ_1_L_G
358,6B0N_1_L_G
358,6NNJ_1_L_G
358,7Y0V_1_L_R
358,6URM_1_E_D
358,5UTY_1_L_G
358,5U7O_1_L_G
358,3UJI_1_L_H
358,5UTF_1_L_G
358,5U7M_1_L_G
358,4JY4_1_A_B
358,4FQC_1_L_H
358,4LSU_1_L_G
358,7UCF_1_E_G
358,7SX7_1_L_G
358,6OZ3_1_L_G
358,6OZ2_1_L_G
358,7SX6_1_L_G
358,5T3Z_1_E_G
358,7PQZ_1_B_E
358,5FYK_1_E_G
358,6VY5_1_L_A
358,6B0N_1_E_G
358,1TCR_1_B_A
358,1NFD_1_D_C
358,1ktk_B
358,4HLZ_1_L_F
358,7C94_1_A_C
358,6QEX_1_B_A
358,6KX1_1_B_C
358,7SYZ_1_L_A
358,8ST2_1_F_C
358,6CNJ_1_J_E
358,6CNJ_1_H_B
358,8ST1_1_F_C
358,7SYY_1_L_A
358,6CNK_1_F_C
358,6CNK_1_J_E
358,6CNJ_1_F_C
358,8ST2_1_J_E
358,8ST1_1_J_E
358,3S35_1_L_X
358,2G5B_1_A_B
358,3IET_1_C_Q
358,5T78_1_A_F
358,6BDZ_1_L_H
358,7QU1_1_B_C
358,3IET_1_A_X
358,5C0R_1_L_A
358,2FBJ_1_L_H
358,4QWW_1_E_A
358,4QWW_1_C_B
358,7JKT_1_L_G
358,5EN2_1_B_C
358,4HLZ_1_H_B
358,5NST_1_A_B
358,7JKS_1_L_G
358,7ENF_1_O_C
358,7WUE_1_D_C
358,8T1G_1_K_A
358,6E3H_1_L_A
358,4JZJ_1_L_C
358,6ZEC_1_L_H
358,6XCJ_1_L_G
358,6BF4_1_C_A
358,8ACI_1_L_A
358,7MZK_1_M_B
358,4x7s_B
358,5VGJ_1_L_G
358,8T1G_1_I_C
358,4YE4_1_L_G
358,7LL2_1_J_C
358,7LL2_1_L_A
358,7LM8_1_N_A
358,7VAC_1_A_G
358,8T1G_1_L_E
358,7LL2_1_M_E
358,7ZWM_1_E_A
358,7ZXF_1_E_A
358,7ZWM_1_J_F
358,7Q9F_1_F_B
358,7Q6E_1_K_C
358,8SIQ_1_N_A
358,7Q9F_1_K_C
358,7Q9F_1_L_A
358,7Q6E_1_L_A
358,8CBF_1_B_E
358,7Q0H_1_B_E
358,8QRF_1_B_E
358,7LM9_1_L_A
358,7Q0G_1_B_E
358,7ARN_1_L_H
358,8CBE_1_B_E
358,7Q6E_1_F_B
358,6WJ1_1_I_B
358,8ACF_1_L_A
358,6GFE_1_L_H
358,3ULU_1_E_A
358,6WJ1_1_K_D
358,5TLK_1_C_X
358,6Q20_1_L_A
358,6IUV_1_L_A
358,6Q1Z_1_L_A
358,3ULV_1_E_A
358,8D7E_1_G_C
358,7MW2_1_L_B
358,7MW2_1_E_C
358,7MW2_1_G_A
358,5K9K_1_B_I
358,5TLJ_1_C_X
358,3SDY_1_L_B
358,5VEB_1_B_X
358,5VOB_1_L_D
358,6IUT_1_L_A
358,5KAN_1_K_A
358,7S8H_1_L_a
358,5CJX_1_L_B
358,8DF5_1_D_S
358,5CJX_1_E_X
358,8HWS_1_J_A
358,6W16_1_L_F
358,8HLC_1_M_B
358,7MXD_1_Y_F
358,7Y0C_1_B_R
358,7LL1_1_F_C
358,8G4P_1_B_A
358,6MEI_1_L_C
358,6P91_1_L_a
358,8HLC_1_N_C
358,7LL1_1_L_A
358,7LL1_1_K_G
358,7BEP_1_L_E
358,3ULV_1_L_A
358,3ULU_1_L_A
358,6BKC_1_L_E
358,8DF5_1_B_R
358,8HLC_1_L_A
358,2jix_B
358,4JM2_1_B_E
358,4OQT_1_L_A
358,5CJX_1_C_J
358,6WO4_1_L_E
358,6UYF_1_L_E
358,4RWY_1_L_A
358,8TXT_1_I_D
358,7LRS_1_E_D
358,6MEJ_1_L_C
358,7R6W_1_B_R
358,7XSW_1_L_R
358,8TG9_1_F_B
358,8TY7_1_L_B
358,6P67_1_B_K
358,7LRT_1_E_D
358,8FSJ_1_L_E
358,5CZX_1_L_A
358,5UEM_1_L_G
358,7TN0_1_A_I
358,7WG3_1_A_J
358,8JVA_1_A_F
358,8W0V_1_L_C
358,6TYB_1_L_G
358,8TXT_1_L_F
358,4KVN_1_L_A
358,7L0N_1_B_R
358,6V4N_1_G_M
358,3p0y_B
358,8TXT_1_K_B
358,6V4N_1_L_N
358,6UUD_1_L_H
358,6V4N_1_B_I
358,7WG3_1_C_K
358,6MEH_1_L_C
358,8TG9_1_L_A
358,7WG3_1_B_I
358,6V4N_1_E_W
358,8W0W_1_L_C
358,7JX3_1_B_R
358,7XJF_1_B_C
358,7V7K_1_A_C
358,5W4L_1_E_G
358,8TTW_1_H_F
358,4RX4_1_L_G
358,7UPY_1_G_A
358,7UPW_1_E_A
358,7UPY_1_L_B
358,8TTW_1_L_J
358,6WOQ_1_K_E
358,6X4T_1_F_A
358,8TTW_1_D_B
358,7UPX_1_L_A
358,8PE9_1_L_A
358,7UPW_1_L_C
358,7XCO_1_N_B
358,7UPY_1_E_C
358,6WO5_1_L_E
358,7UPW_1_G_B
358,8Y6A_1_D_B
358,7XCO_1_L_A
358,7X1M_1_B_M
358,7XCK_1_B_M
358,8DWA_1_L_A
358,6BKB_1_L_E
358,4MWF_1_B_D
358,4YDL_1_L_G
358,4XNY_1_L_G
358,5F96_1_L_G
358,4XMP_1_L_G
358,6UYM_1_L_E
358,5TE4_1_L_G
358,4LST_1_L_G
358,4OM1_1_L_G
358,5F9O_1_L_G
358,5TE6_1_L_G
358,4J6R_1_L_G
358,5F9W_1_C_A
358,7TYV_1_E_a
358,4JB9_1_L_G
358,4S1Q_1_L_G
358,5HJ3_1_J_D
358,7TYV_1_L_c
358,7TYV_1_K_b
358,4LSQ_1_L_G
358,4LSS_1_L_G
358,4YDI_1_L_G
358,4XVT_1_L_G
358,3SE8_1_L_G
358,6V8X_1_D_A
358,4OM0_1_L_G
358,6V8X_1_H_E
358,4OLV_1_L_G
358,6MFT_1_L_G
358,3IU3_1_B_K
358,4OLY_1_L_G
358,3SE9_1_L_G
358,4S1S_1_L_G
358,4OLX_1_L_G
358,4OLU_1_L_G
358,6V8Z_1_R_M
358,4LSP_1_L_G
358,4JPW_1_L_G
358,6V8Z_1_F_A
358,4OLW_1_L_G
358,4LSR_1_L_G
358,6V8X_1_L_I
358,6V8Z_1_L_G
358,3NGB_1_L_G
358,4OLZ_1_L_G
358,4JKP_1_L_G
358,5CD5_1_D_A
358,4DKF_1_M_B
358,4XNZ_1_L_G
358,5KZC_1_L_A
358,5W1K_1_A_P
358,4JPV_1_L_G
358,7MXD_1_D_A
358,7MXD_1_K_F
358,7MXD_1_U_G
358,4LSV_1_L_G
358,7UL7_1_F_b
358,7UL7_1_D_c
358,7UL7_1_L_a
358,4S1R_1_L_G
358,6EYO_1_M_B
358,6EYO_1_L_A
358,6EYO_1_M_A
358,6UYG_1_L_E
358,6X1T_1_L_H
358,6T3F_1_L_F
358,8JVA_1_B_F
358,4DQO_1_H_C
358,3IDX_1_H_G
358,3IDY_1_B_A
358,3IDY_1_H_G
358,6MEJ_1_H_C
358,6BF4_1_B_A
358,6MEK_1_B_A
358,4QWW_1_D_B
358,7JKT_1_H_G
358,7JKS_1_H_G
358,7SYZ_1_H_A
358,7TUF_1_A_D
358,1KEN_1_H_C
358,4QWW_1_F_A
358,1KEN_1_T_E
358,6CNJ_1_I_B
358,8ST2_1_G_C
358,6CNK_1_G_C
358,8ST2_1_K_E
358,8ST1_1_K_E
358,8ST1_1_G_C
358,6CNJ_1_K_E
358,6CNJ_1_G_C
358,6CNK_1_K_E
358,1YJD_1_H_C
358,6FN1_1_C_A
358,6QEX_1_C_A
358,4HLZ_1_G_A
358,4HLZ_1_I_C
358,6N6B_1_K_A
358,4HC1_1_H_A
358,3QUM_1_B_P
358,4ZSO_1_B_E
358,3QUM_1_H_P
358,9F1I_1_H_P
358,1NFD_1_H_D
358,7NKS_1_C_B
358,7K66_1_B_A
358,7T9M_1_H_R
358,4ZXB_1_A_E
358,3IET_1_B_X
358,3IET_1_D_Q
358,5NJ3_1_C_A
358,5NJ3_1_E_B
358,4HLZ_1_K_E
358,8D4R_1_D_G
358,6B0N_1_D_G
358,7S1B_1_X_B
359,8FSJ_1_C_E
359,5W08_1_G_A
359,6B0N_1_H_G
359,6LXI_1_H_A
359,6LXK_1_J_C
359,6LXK_1_E_D
359,6LXK_1_H_A
359,5UTY_1_H_G
359,6CH7_1_Q_G
359,5K9Q_1_G_E
359,5K9Q_1_G_C
359,5K9Q_1_J_E
359,8HWS_1_I_A
359,2NY7_1_H_G
359,8DF5_1_C_S
359,7BEP_1_H_E
359,6XQ0_1_E_D
359,7Q0I_1_A_D
359,7Q0I_1_H_D
359,7Q0I_1_H_C
359,6IUV_1_H_A
359,4OM1_1_H_G
359,4OLU_1_H_G
359,4OLZ_1_H_G
359,4OM0_1_H_G
359,8HLC_1_H_A
359,6MEI_1_H_C
359,8HLC_1_I_B
359,4XVS_1_H_G
359,4OLW_1_H_G
359,8HLC_1_J_C
359,7TN0_1_B_I
359,4OLX_1_H_G
359,4OLY_1_H_G
359,4OLV_1_H_G
359,8JIZ_1_E_B
359,6TYB_1_H_G
359,4GXU_1_Q_E
359,7F3Q_1_C_A
359,4GXU_1_M_A
359,7F7E_1_C_E
359,8W0Y_1_A_D
359,7LM9_1_H_A
359,7XJF_1_A_C
359,5W1K_1_O_P
359,6V8X_1_G_E
359,6V8X_1_C_A
359,6V8X_1_K_I
359,7NTC_1_H_C
359,3NGB_1_H_G
359,6X4T_1_D_A
359,6WO3_1_H_E
359,7Y0V_1_H_R
359,8D48_1_H_A
359,5T33_1_H_G
359,7CZP_1_H_L
359,5VOB_1_H_D
359,8SIC_1_A_E
359,7CZP_1_J_N
359,7MRZ_1_X_C
359,8ZHE_1_J_B
359,8ZHE_1_H_A
359,8ZHE_1_F_C
359,7LY3_1_D_A
359,6BKB_1_H_E
359,7JVC_1_C_B
359,7JVC_1_H_A
359,6JJP_1_A_C
359,4DAG_1_H_A
359,7JVC_1_F_E
359,4K9E_1_H_C
359,7Q6E_1_H_A
359,6IUT_1_H_A
359,7VAC_1_B_G
359,7Q0G_1_A_E
359,7OLY_1_H_C
359,4DVR_1_H_G
359,7Q6E_1_J_C
359,7Q6E_1_E_B
359,7Y0C_1_A_R
359,7CGW_1_A_C
359,6MG7_1_H_G
359,6WOQ_1_J_E
359,8D7E_1_F_C
359,8JR3_1_B_E
359,7V7K_1_B_C
359,7X08_1_I_C
359,7X08_1_J_A
359,7X08_1_H_B
359,5UTF_1_D_G
359,5U7M_1_D_G
359,5FYK_1_D_B
359,5FYJ_1_D_B
359,5FYK_1_D_G
359,5FYJ_1_D_G
359,5UTY_1_D_G
359,5FYL_1_D_G
359,4TVP_1_D_G
359,5U7O_1_D_G
359,6UTK_1_D_T
359,5UM8_1_D_B
359,7KMD_1_A_G
359,6UTK_1_D_G
359,6MCO_1_D_G
359,5V7J_1_D_G
359,6MCO_1_D_B
359,6MDT_1_D_G
359,5UM8_1_D_G
359,7KMD_1_A_T
359,6CH7_1_D_G
359,6URH_1_H_C
359,4YDJ_1_H_G
359,5UM8_1_H_G
359,6MCO_1_H_G
359,5V7J_1_H_G
359,5W6D_1_H_G
359,5CEZ_1_H_G
359,6V8Z_1_D_A
359,6V8Z_1_P_M
359,6V8Z_1_J_G
359,5T3Z_1_H_G
359,7UCF_1_H_G
359,4R2G_1_Q_E
359,6W03_1_H_G
359,6NNF_1_H_G
359,6CK9_1_H_G
359,3TYG_1_H_A
359,3SE9_1_H_G
359,4LST_1_H_G
359,5KAQ_1_H_B
359,5KAQ_1_Q_A
359,5KAQ_1_F_C
359,5KAN_1_G_C
359,6UTK_1_H_G
359,5KAN_1_H_A
359,5ESV_1_A_E
359,5ESV_1_C_F
359,7LL1_1_E_C
359,7LL1_1_H_A
359,7LL1_1_J_G
359,8T1G_1_H_E
359,8T1G_1_G_C
359,5ESV_1_H_G
359,5ESV_1_C_G
359,5ESV_1_H_E
359,5FYK_1_H_G
359,5U7O_1_H_G
359,5FYL_1_H_G
359,5FYJ_1_H_G
359,4TVP_1_H_G
359,5UTF_1_H_G
359,5U7M_1_H_G
359,3ZTJ_1_I_C
359,6MEH_1_H_C
359,6OZ2_1_H_G
359,8FSJ_1_H_E
359,7JX3_1_A_R
359,7S1B_1_H_A
359,6A67_1_H_A
359,4PY8_1_I_A
359,6MEJ_1_A_C
359,5T3Z_1_D_G
359,6WO4_1_H_E
359,4S1Q_1_H_G
359,5K9Q_1_H_A
359,6WJ1_1_G_A
359,5KAN_1_J_E
359,4J4P_1_C_B
359,4J4P_1_C_A
359,5CJX_1_H_B
359,5CJX_1_H_G
359,8TTW_1_C_A
359,8TTW_1_K_I
359,8TTW_1_G_E
359,5CJX_1_A_K
359,5CJX_1_D_X
359,5CJX_1_A_J
359,5CJX_1_D_Y
359,4P9H_1_H_G
359,6V8Z_1_O_M
359,6V8Z_1_I_G
359,6V8Z_1_C_A
359,4JM2_1_A_E
359,3U2S_1_H_G
359,3U4E_1_H_G
359,6NM6_1_H_G
359,6MU6_1_H_G
359,6VZI_1_H_G
359,6MTN_1_H_G
359,6MTJ_1_H_G
359,6NNJ_1_H_G
359,6WIX_1_H_G
359,6MUF_1_H_G
359,7KMD_1_H_G
359,4J4P_1_H_B
359,4J4P_1_H_A
359,5JW3_1_H_A
359,4FQJ_1_H_A
359,6UYD_1_H_E
359,8BSF_1_H_A
359,6UYM_1_H_E
359,8JIZ_1_G_D
359,6WO5_1_H_E
359,5UDC_1_H_F
359,7UMM_1_H_B
359,7UMM_1_J_A
359,7UMM_1_I_C
359,4JZJ_1_H_C
359,7MYZ_1_H_C
359,5TZU_1_H_C
359,8TNU_1_J_F
359,8TNU_1_H_E
359,8TNU_1_J_Y
359,8TNU_1_H_Z
359,5LCV_1_H_B
359,5N09_1_I_B
359,5N09_1_H_B
359,5N09_1_I_A
359,4UTB_1_I_B
359,6LXJ_1_H_A
359,6E3H_1_H_A
359,6LN2_1_C_A
359,7X1M_1_A_M
359,7UPW_1_F_C
359,7UPX_1_H_A
359,7UPY_1_H_B
359,7UPW_1_D_B
359,7UPW_1_H_A
359,7UPW_1_H_C
359,7UPY_1_H_C
359,7UPW_1_D_A
359,8Y6A_1_C_B
359,7UPW_1_F_B
359,7UPY_1_D_A
359,7UPY_1_D_C
359,7UPY_1_F_A
359,4LSU_1_H_G
359,8CBE_1_A_E
359,6MEK_1_I_A
359,8DOW_1_K_I
359,8DOW_1_G_E
359,8DOW_1_C_A
359,4JB9_1_H_G
359,7JTG_1_A_E
359,3ZTJ_1_K_E
359,5Y2L_1_I_A
359,8W0W_1_H_C
359,8DF5_1_A_R
359,8SIQ_1_M_A
359,7PS2_1_H_G
359,8QRF_1_A_E
359,8CBF_1_A_E
359,5VGJ_1_H_G
359,8TXT_1_J_E
359,8TXP_1_H_A
359,8W0V_1_H_C
359,8TXT_1_G_A
359,8TGV_1_B_D
359,8TGZ_1_E_A
359,8TGV_1_I_G
359,8TGV_1_E_A
359,7XCO_1_M_B
359,7XCO_1_H_A
359,7XCK_1_A_M
359,8TNU_1_B_G
359,4MWF_1_A_D
359,5VL3_1_H_Q
359,6WEZ_1_H_A
359,6WF0_1_H_A
359,8TXT_1_H_C
359,7C94_1_B_C
359,7L0N_1_A_R
359,7ARN_1_H_L
359,7RFB_1_A_C
359,5UKR_1_H_G
359,6PDX_1_M_B
359,6PDX_1_H_A
359,6PDX_1_O_C
359,7FAE_1_h_A
359,7MXD_1_X_F
359,7R6W_1_A_R
359,7UCF_1_D_G
359,7WG3_1_E_I
359,7WG3_1_G_K
359,7WG3_1_H_L
359,7WG3_1_F_J
359,7LL2_1_K_E
359,7LL2_1_H_A
359,7LL2_1_I_C
359,7XSW_1_H_R
359,6NZ7_1_H_A
359,8RUU_1_B_X
359,8RUU_1_H_Y
359,7LM8_1_M_A
359,6P95_1_H_c
359,6P95_1_F_b
359,6P95_1_D_a
359,5VK2_1_D_c
359,5VK2_1_F_b
359,5VK2_1_H_a
359,5DUM_1_H_A
359,4UBD_1_K_I
359,4UBD_1_C_A
359,7L09_1_M_A
359,7L02_1_M_A
359,7NDA_1_H_A
359,7S8H_1_B_A
359,7SYY_1_H_A
359,6UYF_1_H_E
359,6BKC_1_H_E
359,8CII_1_H_E
359,7T86_1_H_I
359,7X2H_1_A_E
359,4IRZ_1_H_A
359,4HPO_1_H_L
359,8CWJ_1_H_G
359,5K9K_1_A_I
359,7JN5_1_H_F
359,7MXD_1_C_G
359,7MXD_1_S_G
359,7MXD_1_J_A
359,7MXD_1_C_A
359,7MXD_1_J_F
359,7MXD_1_S_F
359,4KVN_1_H_A
359,7KQG_1_B_A
359,6WOQ_1_A_E
359,8D4R_1_H_G
359,6WO5_1_A_E
359,6MFT_1_H_G
359,6P8M_1_H_C
359,5IGX_1_H_G
359,5NUZ_1_A_C
359,8SGN_1_H_G
359,6XR0_1_H_M
359,7ZXF_1_D_A
359,3LIZ_1_H_A
359,5T78_1_B_F
359,6LXJ_1_E_B
359,4JZJ_1_A_D
359,8TG9_1_E_B
359,8TG9_1_H_A
359,6B3M_1_C_A
359,6B3M_1_O_G
359,7UDS_1_F_A
359,7UDS_1_H_C
359,7UDS_1_D_B
359,7TYV_1_G_b
359,7TYV_1_H_C
359,7TYV_1_G_B
359,7TYV_1_H_c
359,7TYV_1_D_a
359,7TYV_1_D_A
359,7S7I_1_H_A
359,7K3B_1_L_E
359,7K3B_1_J_C
359,7K37_1_L_E
359,7K37_1_H_A
359,7K39_1_J_C
359,7K3B_1_H_A
359,7K39_1_H_A
359,7K39_1_L_E
359,7K37_1_J_C
359,7Q9F_1_J_C
359,6MUG_1_H_G
359,7Q9F_1_H_A
359,7Q0H_1_A_E
359,7Q9F_1_E_B
359,6W9G_1_H_B
359,6W9G_1_K_C
359,7VZT_1_B_A
359,6W9G_1_X_A
359,5W6D_1_D_G
359,8SM1_1_H_G
359,6LXJ_1_M_D
359,6LXJ_1_J_C
359,7CJ2_1_C_A
359,6EYO_1_H_A
359,6UYG_1_H_E
359,4K94_1_H_C
359,8W0X_1_H_C
359,5VOC_1_H_D
359,6ejm_B
359,5dfw_B
360,2ju0_B
361,4xnm_B
361,6q0o_B
361,4hkx_B
361,6q18_B
361,6oc3_B
361,4yk4_B
361,4m5z_B
361,6q0h_B
361,5xku_B
361,5vag_B
362,3uaj_B
362,5gzn_B
362,6ivz_B
362,5gzo_B
362,5jhl_B
362,6iw0_B
363,6X4G_1_A_C
364,2lp4_B
365,3wwn_B
366,6GFF_1_C_I
367,7ZA3_1_G_C
367,7ZA3_1_E_C
367,7ZA3_1_G_A
367,7ZA3_1_H_B
367,7ZA3_1_F_D
368,5jtm_B
369,7OCI_1_H_F
369,8AGC_1_F_A
369,8AGE_1_F_A
369,6C26_1_C_A
369,6EZN_1_H_F
370,8PN9_1_G_A
370,6S7O_1_G_A
370,6S7T_1_G_A
371,5b77_B
371,5b75_B
371,5b76_B
371,5b78_B
372,5odw_B
373,1yrt_B
373,1yru_B
373,2k3s_B
374,9CKV_1_C_A
375,6IC6_1_C_A
375,1K3B_1_C_A
375,2DJF_1_C_A
375,4CDC_1_I_G
375,6RNI_1_C_A
375,6IC5_1_C_A
375,4CDE_1_F_D
375,6RN7_1_C_A
375,6RN6_1_C_A
375,2DJG_1_C_A
375,6RN9_1_C_A
375,6IC7_1_C_A
375,6RNE_1_C_A
376,1nl0_B
377,6GF6_1_A_B
378,3h6s_B
379,4ij3_B
379,5d93_B
380,1oey_B
381,7OCC_1_D_A
382,5FOB_1_A_B
382,8UH2_1_G_H
382,7NOZ_1_A_B
382,8UIN_1_A_B
382,8UIN_1_G_H
382,8UH2_1_A_B
382,6EHG_1_A_B
382,7QIV_1_A_B
382,7TV9_1_A_B
382,2I07_1_A_B
382,2WII_1_A_B
382,5FO8_1_A_B
382,2WIN_1_G_H
382,2WIN_1_A_B
383,5g1x_B
384,4qlb_B
385,1qa9_B
386,6a0z_B
386,6IDZ_1_A_B
386,6IDB_1_A_B
386,4BSI_1_A_B
386,4BSA_1_A_B
386,4BSC_1_A_B
386,4BSE_1_A_B
386,4BSD_1_A_B
386,4BSB_1_A_B
386,4BSF_1_A_B
386,4LKH_1_A_B
386,4BSH_1_A_B
386,5JW3_1_A_B
386,4BSG_1_A_B
386,4R8W_1_A_B
386,5VJK_1_A_B
386,7T1V_1_A_B
386,6N5A_1_A_B
386,4LKJ_1_A_B
386,6ICY_1_A_B
386,4KON_1_A_B
386,4KOM_1_A_B
386,4KOL_1_A_B
386,6ID5_1_A_B
386,6ID3_1_A_B
386,4LKI_1_A_B
386,5VJL_1_A_B
386,6ICX_1_A_B
386,6IDA_1_A_B
386,6ID9_1_A_B
386,6ICW_1_A_B
386,4LKK_1_A_B
386,2vis_B
386,2vir_B
387,1mzw_B
388,3ech_B
389,3rgf_B
390,3wqb_B
391,2khs_B
392,5oen_B
393,3c9a_B
393,1NQL_1_B_A
393,7LFS_1_E_A
393,5wb7_B
393,5e8d_B
394,4tq1_B
395,6RV6_1_A_B
395,6SEJ_1_A_B
395,6S0A_1_B_A
396,3crk_B
396,1y8n_B
397,5y1z_B
398,7T4Q_1_E_D
398,7T4R_1_F_E
398,5VOB_1_E_D
398,5VOC_1_E_D
398,7M30_1_E_D
398,7T4R_1_O_N
399,3b2u_B
399,6b3s_B
399,3c09_B
399,5sx4_B
400,2ot8_B
401,7YX8_1_A_H
402,4bxl_B
403,5OAR_1_A_D
403,5OAR_1_C_B
404,2i3s_B
405,5me5_B
406,6b0e_B
406,6phb_B
406,6phd_B
406,8EZM_1_A_H
406,6azz_B
406,6b08_B
406,6b0a_B
406,6phc_B
406,6b0g_B
407,4bd9_B
408,6plm_B
408,4byf_B
408,2ygg_B
408,6b8n_B
408,2wel_B
408,6mba_B
408,6n5w_B
408,1k93_B
408,6mc9_B
408,6k4k_B
408,6oqq_B
409,1hcf_B
410,6c83_B
411,1wdw_B
411,6hul_B
412,6ird_B
413,2es4_B
414,2lfw_B
415,6NRQ_1_B_A
415,6nrw_B
415,6on9_B
416,3oux_B
417,3mxw_B
417,3ho5_B
418,5sv3_B
419,1jrh_B
420,4etw_B
421,1FE8_1_A_H
422,4zfg_B
423,5ikc_B
424,5MZA_1_A_B
425,1sv0_B
426,6gho_B
427,3nvq_B
427,3nvn_B
428,1wpx_B
429,2ld7_B
430,5t0f_B
431,4D69_1_I_O
431,5T5L_1_A_a
431,5T5J_1_A_a
431,5T5O_1_A_a
431,5T5P_1_A_a
431,1dhk_B
432,6gbu_B
433,1h1v_B
434,2mak_B
435,3vyr_B
436,2aze_B
437,3kz0_B
437,3kj0_B
437,5vmo_B
437,3kj2_B
437,3kj1_B
437,2wh6_B
437,5wos_B
438,2b2x_B
438,1v7p_B
439,3ixt_B
440,6o3o_B
440,6arq_B
440,3u82_B
440,4myw_B
441,3p8m_B
442,4dgi_B
442,4h88_B
442,2w9e_B
443,2k8f_B
444,2QC1_1_A_B
444,5HBV_1_A_B
444,5HBT_1_A_B
444,6UWZ_1_G_D
444,6UWZ_1_F_A
444,7KOO_1_G_C
444,7KOO_1_H_D
444,7KOO_1_I_E
444,7KOO_1_J_A
444,7KOO_1_F_B
445,3NIG_1_A_B
445,3ZDX_1_A_B
445,7TPD_1_A_B
445,3FCU_1_A_B
445,4Z7N_1_A_B
445,7U60_1_A_B
445,3ZE0_1_A_B
445,4Z7O_1_A_B
445,3ZE1_1_A_B
445,3ZDZ_1_A_B
445,7UE0_1_A_B
445,7UH8_1_A_B
445,7UKO_1_A_B
445,3NID_1_A_B
445,3ZE2_1_A_B
445,7UJE_1_A_B
445,7L8P_1_A_B
445,4Z7Q_1_A_B
445,7UJK_1_A_B
445,7UKP_1_A_B
445,7UBR_1_A_B
445,7U9F_1_A_B
445,3T3P_1_A_B
445,7UDG_1_A_B
445,7THO_1_A_B
445,7UFH_1_A_B
445,7U9V_1_A_B
445,7TMZ_1_A_B
445,7UK9_1_A_B
445,3T3M_1_A_B
445,3ZDY_1_A_B
445,5HDB_1_A_B
445,3NIF_1_A_B
445,7UDH_1_A_B
445,7UKT_1_A_B
445,7UCY_1_A_B
445,7TCT_1_A_B
445,7TD8_1_A_B
445,2VDP_1_A_B
445,2VDR_1_A_B
445,2VDN_1_A_B
445,2VDO_1_A_B
445,2VDM_1_A_B
445,2VC2_1_A_B
445,2VDK_1_A_B
445,1TYE_1_A_B
445,2VDQ_1_A_B
445,7LA4_1_A_B
445,2VDL_1_A_B
445,8T2U_1_A_B
445,7Y1T_1_A_B
445,6UJC_1_A_B
445,6OM1_1_A_B
446,3tu3_B
447,7ADO_1_D_A
448,5wb8_B
448,5kn5_B
448,1MOX_1_C_A
449,5un5_B
450,2k05_B
451,1DAN_1_U_L
452,4dx8_B
453,4mjs_B
454,2c0l_B
455,3rzc_B
456,4dj9_B
457,1xu1_B
458,3f50_B
458,3g7a_B
458,3o43_B
458,4dzv_B
458,3o40_B
459,6iwd_B
460,1j2j_B
461,4u6v_B
461,4idj_B
462,6a78_B
463,2bo9_B
464,1usu_B
464,1usv_B
465,5nqg_B
465,5nqf_B
465,3zwz_B
466,6Q2S_1_D_F
466,6Q2S_1_C_E
467,7RDH_1_G_A
467,7RDH_1_H_E
468,4ayi_B
469,2h4m_B
470,1r8u_B
471,5mhs_B
472,4a1s_B
473,1cn4_B
474,4ika_B
475,2xgy_B
476,6S9J_1_A_B
477,3htu_B
478,2w8b_B
478,2hqs_B
479,3w9e_B
480,3b23_B
481,3owt_B
482,4iyp_B
483,3T6Q_1_D_B
483,3B2D_1_C_A
483,3B2D_1_D_B
483,3T6Q_1_C_A
483,3RG1_1_C_A
483,3RG1_1_D_B
484,6azp_B
484,7QZR_1_E_B
484,5uzu_B
484,7Z53_1_F_D
484,7Z53_1_E_B
484,6bmt_B
485,4k5b_B
485,2pon_B
486,1e96_B
487,4WO4_1_C_A
487,4LHU_1_D_A
487,4ELM_1_G_A
487,4EI5_1_C_A
488,1ycs_B
489,4ywc_B
490,2ka4_B
491,5w1m_B
492,4dm8_B
493,2p5t_B
494,1t0p_B
495,1tlh_B
496,3WJL_1_C_B
496,3RY6_1_C_B
496,3WJJ_1_C_B
496,1T89_1_C_A
496,8C1B_1_R_X
496,1F6A_1_A_B
496,8Z0T_1_A_E
496,1T83_1_C_A
496,2Y7Q_1_A_B
496,5D6D_1_C_A
496,5YC5_1_C_A
496,7URU_1_C_A
496,1E4K_1_C_B
496,6MJ3_1_C_A
496,3SGJ_1_C_A
496,3WN5_1_C_B
496,7KCZ_1_C_A
496,3SGK_1_C_A
496,5VU0_1_C_A
496,6EAQ_1_C_A
496,3AY4_1_C_A
496,5bw7_B
496,5XJE_1_C_A
496,5XJF_1_C_A
497,3hpw_B
498,1vyh_B
499,3c66_B
500,7PR8_1_B_A
500,7PR7_1_B_A
500,5E97_1_B_A
500,5E8M_1_B_A
500,8CQI_1_B_A
500,5L9Y_1_B_A
500,7PRT_1_B_A
501,4eoz_B
502,4cc4_B
503,1p27_B
504,2k2u_B
505,2n01_B
506,5xod_B
507,3ff8_B
507,3ff7_B
508,6aw2_B
509,3bs5_B
510,2wp3_B
510,2wwk_B
510,4c4k_B
511,2m86_B
511,6im9_B
512,1m10_B
512,4c2a_B
512,1sq0_B
512,4c2b_B
513,3ol2_B
514,1ul1_B
515,5xfs_B
516,1psb_B
517,3au4_B
518,2zvk_B
519,2l0f_B
520,4awx_B
521,5eb1_B
522,3sja_B
523,4e05_B
524,8Y8B_1_B_A
524,8Y7Y_1_B_A
524,8Y8J_1_B_A
525,2few_B
526,5omm_B
527,1LGB_1_A_C
528,8TCG_1_C_A
528,8TCF_1_C_A
529,4n7v_B
530,2v3b_B
531,4dbg_B
532,2w83_B
533,4g59_B
534,2m55_B
535,4dzu_B
535,3f4y_B
536,1uel_B
537,1vet_B
537,1veu_B
538,5uv8_B
538,5uwc_B
539,4v0m_B
540,4XL1_1_B_A
540,4XLW_1_B_A
541,6O3A_1_E_B
541,6o3b_B
541,5URY_1_B_A
541,6o39_B
541,5URZ_1_B_A
541,5bqe_B
542,2jzn_B
542,1vsq_B
543,2arp_B
544,5chv_B
545,1O7D_1_B_C
545,1O7D_1_B_D
546,6h3u_B
547,1smf_B
548,5d3i_B
548,3kls_B
549,5ufe_B
549,5ufq_B
549,5zau_B
549,4cj2_B
549,4cj1_B
549,4cj0_B
550,8FSJ_1_E_A
550,7T6X_1_U_E
551,2luh_B
552,2mej_B
553,7TZF_1_E_R
554,4ap2_B
554,6i2m_B
554,4apf_B
555,3zo0_B
555,2iwg_B
556,3gmw_B
556,3n4i_B
556,2g2u_B
556,1jtg_B
556,3c4o_B
556,3c4p_B
556,3e2l_B
556,2g2w_B
556,3e2k_B
557,4pvz_B
558,1yvb_B
559,7M22_1_C_E
559,7T4S_1_C_E
559,5VOC_1_C_E
559,5VOB_1_C_E
559,7T4R_1_M_O
559,7T4Q_1_C_E
560,7KHF_1_D_A
560,7KFK_1_E_A
561,3qht_B
561,5eql_B
561,5tvq_B
561,5elu_B
561,1z5s_B
561,2iy1_B
561,2uyz_B
561,3rzw_B
562,3fxd_B
563,4zw2_B
564,4xxw_B
565,5OAR_1_D_A
565,5OAR_1_D_C
565,5OAR_1_D_B
565,5OAR_1_B_A
565,5OAR_1_B_D
565,5OAR_1_B_C
566,4g35_B
567,1yc0_B
567,4dtg_B
567,1zjd_B
567,6gfi_B
567,6har_B
567,5c67_B
567,1taw_B
567,4u32_B
567,1zr0_B
567,3uir_B
568,1wr1_B
569,1YPZ_1_H_G
569,1YPZ_1_F_E
569,6MWR_1_C_D
569,8DFW_1_G_D
569,4LHU_1_G_D
569,4LFH_1_G_D
569,7K0X_1_D_C
569,7L15_1_B_A
570,6bkd_B
571,4q5u_B
572,1go4_B
573,4uem_B
574,5KDS_1_A_G
575,3osl_B
575,3lms_B
575,1zli_B
576,6p50_B
577,3r4d_B
578,2xtj_B
579,5e3e_B
580,1u0i_B
581,5E65_1_B_A
581,5E64_1_B_A
581,5E66_1_B_A
581,5E5W_1_B_A
581,5E62_1_B_A
582,7CZF_1_A_B
582,3skj_B
583,3k75_B
584,1axi_B
584,1a22_B
584,4i18_B
584,3ncc_B
584,3n06_B
584,3ncb_B
584,3mzg_B
584,3n0p_B
585,5x4l_B
585,3qq8_B
585,3qc8_B
586,5gwp_B
586,3rt0_B
586,5gwo_B
587,3tz1_B
588,6o1f_B
589,3t0y_B
590,3WO4_1_C_B
591,1l8c_B
592,4cu4_B
593,2nut_B
593,2nup_B
594,7JZ4_1_A_D
595,2mfq_B
596,1fsk_B
597,2mp0_B
598,3ixs_B
599,5dwu_B
600,2j8x_B
600,1ugh_B
600,4lyl_B
600,1uug_B
601,7B2M_1_C_B
602,5ajj_B
602,5ua4_B
602,2kbw_B
603,5ifs_B
604,4fzv_B
605,2o8v_B
605,5xoc_B
606,3PV6_1_B_A
607,7JTV_1_B_E
608,6a7v_B
609,6S7T_1_E_A
610,5jw7_B
611,4hrl_B
612,5IBL_1_A_B
613,4AY5_1_A_I
613,5HGV_1_A_B
613,4GYW_1_C_D
614,5tgh_B
614,5wy2_B
615,2z34_B
616,4udm_B
617,5jze_B
617,5w8t_B
618,6d13_B
619,3v6b_B
619,2x1x_B
620,2pjy_B
621,4doq_B
621,2z7f_B
621,1fle_B
622,4wwi_B
622,3SGJ_1_A_C
622,3AY4_1_A_C
622,5XJF_1_B_C
622,5VU0_1_A_C
622,5K33_1_A_C
622,7URU_1_A_C
622,6EAQ_1_A_C
622,3WN5_1_B_C
622,3SGK_1_A_C
622,5xmh_B
622,1fc2_B
622,1I1A_1_D_C
622,1I1A_1_C_A
622,1F6A_1_D_A
622,8SM2_1_A_C
622,8E4C_1_A_C
623,1rke_B
624,1gcq_B
625,5cff_B
626,2yvj_B
627,2btf_B
627,3chw_B
628,1nf3_B
629,6j5f_B
629,6j5d_B
630,6fhp_B
631,4dvg_B
632,5FFO_1_F_H
632,5FFO_1_B_D
633,3rdz_B
633,1tm5_B
633,1to1_B
633,1y33_B
633,1y48_B
633,1y3c_B
633,1tm3_B
633,1tm4_B
633,1tm1_B
633,1y34_B
633,1tm7_B
633,1y3b_B
633,1y1k_B
633,1y3d_B
633,2sni_B
633,1y4a_B
633,1lw6_B
633,1y4d_B
633,1acb_B
634,4hfk_B
635,5ibw_B
636,6pnp_B
636,6pnq_B
637,6b12_B
638,2mlx_B
639,2w19_B
640,6r2g_B
641,4wnd_B
642,6ivu_B
643,3qbv_B
644,1n64_B
645,8HC0_1_B_A
646,4boh_B
647,3vg9_B
648,6in9_B
649,6WXR_1_A_B
649,6WXV_1_A_B
650,2oor_B
650,1nm5_B
651,5lgk_B
651,1tdq_B
652,2voi_B
652,4zii_B
653,3tac_B
654,8PN9_1_F_A
654,6S7O_1_F_A
654,6S7T_1_F_A
655,1xqh_B
656,2f9z_B
657,1rpq_B
658,2ki4_B
659,4zrk_B
660,4UIP_1_B_A
660,6LBX_1_A_B
661,5NXB_1_B_A
662,4bq6_B
663,2gh0_B
664,2lww_B
665,4RA0_1_D_B
665,4RA0_1_C_A
665,2C5D_1_C_A
665,2C5D_1_D_B
666,6j4s_B
666,6j4o_B
667,5lxm_B
668,5jmc_B
668,4jra_B
669,1ydi_B
670,7QPD_1_C_M
671,3bh6_B
672,1pd7_B
673,3it8_B
674,6j56_B
675,3WSR_1_A_C
676,2qiy_B
677,6WDQ_1_C_A
678,3t2n_B
679,6bw9_B
680,2v4z_B
680,4ekc_B
680,4ekd_B
681,8ES9_1_A_D
681,8ES8_1_A_B
681,8SGB_1_C_A
681,4X6C_1_G_A
681,8ES7_1_A_B
682,3h2u_B
683,5i5k_B
684,5hu3_B
685,4yn0_B
686,5UQY_1_A_B
686,6BP2_1_A_B
686,7SWD_1_E_F
686,8DPM_1_A_B
686,5HJ3_1_C_D
687,3C6E_1_C_A
688,3orv_B
689,1shy_B
690,3jvf_B
690,5NAN_1_B_F
691,3wn7_B
692,4hh3_B
693,7EEB_1_H_L
694,8YI7_1_C_B
695,3d1m_B
696,6WXU_1_C_B
696,6WXU_1_A_D
697,4BWC_1_B_A
698,5GGP_1_A_C
699,2ru4_B
700,3t04_B
700,4MMX_1_C_A
700,4s0s_B
700,5g15_B
700,3k2m_B
700,3qwq_B
700,5j7c_B
700,5mtj_B
700,6bx4_B
700,3uyo_B
700,5oc7_B
700,5e95_B
700,5dc4_B
700,4je4_B
700,4jeg_B
700,5mtm_B
700,5mtn_B
701,8ENU_1_D_A
702,3ddc_B
703,4lmq_B
704,2rms_B
705,6Q2O_1_C_E
705,6Q2O_1_D_F
705,5mr4_B
706,2vxs_B
707,4yoc_B
708,3l5n_B
709,4jw3_B
710,3ro2_B
711,7L0J_1_A_B
712,5mfc_B
712,5mad_B
712,5ma4_B
712,5ma5_B
712,5ma3_B
713,2kt5_B
714,3sjh_B
714,3u9d_B
714,3u8x_B
714,3u9z_B
715,6j9h_B
716,5yir_B
717,6jdj_B
718,4XT3_1_A_B
718,7RKF_1_R_L
719,5L0V_1_A_B
719,5F84_1_A_B
720,2l9s_B
721,2be6_B
722,4gh7_B
723,5ydr_B
724,6cwt_B
724,3v6z_B
725,3pnr_B
726,5z7g_B
727,5tte_B
728,6mgp_B
728,6mi2_B
728,6mhr_B
728,6a3v_B
728,6a3w_B
729,5k8q_B
730,5aam_B
730,3uyp_B
730,5aaw_B
730,6flb_B
730,4al8_B
730,6flc_B
730,4ffy_B
730,4ffz_B
730,3uzq_B
730,4am0_B
730,5kvd_B
730,5kvg_B
730,5kvf_B
730,6plk_B
730,6jep_B
730,4ala_B
730,3uze_B
731,5c3f_B
731,2m5b_B
732,1e3u_B
733,1s4y_B
733,4YCG_1_D_B
733,4YCG_1_C_A
733,4YCI_1_C_A
733,4YCI_1_D_B
733,7POJ_1_A_D
733,7POI_1_B_D
733,7POJ_1_B_C
733,7POI_1_A_C
733,4kxz_B
733,3eo1_B
733,4kv5_B
734,4y5o_B
735,2y9m_B
736,2nyz_B
736,3fpu_B
736,4rws_B
736,2bdn_B
736,2nz1_B
736,4dn4_B
736,4zk9_B
736,3ona_B
736,4zkc_B
736,4zlt_B
737,3pp4_B
738,1b6c_B
739,5tar_B
740,3ojm_B
740,1ry7_B
740,3oj2_B
740,2fdb_B
741,3b08_B
742,3zwl_B
743,6n6r_B
744,3WCV_1_B_D
744,3WCT_1_B_D
744,7VLF_1_A_D
744,3WCV_1_E_H
744,3WCW_1_A_D
744,7VLC_1_E_H
744,7VLE_1_A_D
744,3WCU_1_E_H
744,3WCT_1_A_D
744,7VLE_1_E_H
744,7VLF_1_E_H
744,7VLD_1_E_H
744,3WCW_1_E_H
744,7VLD_1_A_D
744,3WCT_1_E_H
744,3WCU_1_A_D
744,3WCV_1_A_D
744,7VLC_1_A_D
744,3WCT_1_C_D
745,3dvu_B
745,2p1l_B
745,6dcn_B
745,4mi8_B
746,4zv4_B
747,5gpg_B
748,4bpx_B
749,2bp7_B
750,6e3i_B
750,6e3j_B
751,4AZ0_1_B_A
751,4AZ3_1_B_A
752,4mne_B
752,6u2h_B
753,4n9g_B
754,4bkx_B
755,8ZGS_1_A_F
755,8Y81_1_A_F
755,8ZGT_1_A_F
755,8K7T_1_A_E
756,1gl0_B
756,1gl1_B
756,3tvj_B
757,4bpk_B
758,6J71_1_B_A
758,5kve_B
758,6ejg_B
759,8JJ5_1_C_D
760,6ch2_B
761,1r6q_B
762,7LBF_1_C_D
763,2vog_B
763,5tzq_B
764,2g81_B
764,1d6r_B
765,2x2d_B
765,1ak4_B
765,4lqw_B
765,4dge_B
766,1uwx_B
767,5ngv_B
767,2h64_B
767,1lx5_B
767,5nh3_B
768,5agw_B
768,5agx_B
768,4a1u_B
769,1nys_B
769,1nyu_B
769,5f3b_B
770,2fjh_B
770,1tzi_B
770,3bdy_B
770,1tzh_B
770,1bj1_B
770,1cz8_B
770,2fjg_B
771,1jh4_B
772,5w89_B
773,6isc_B
773,5v52_B
774,3ru8_B
775,4n7z_B
776,2k2s_B
777,3wry_B
777,3wrx_B
778,1lm8_B
778,1lqb_B
779,2ERJ_1_C_B
779,5M5E_1_C_B
779,2B5I_1_C_B
779,4GS7_1_C_B
779,6DG5_1_C_B
779,6OEL_1_C_B
780,6m9k_B
781,2qj9_B
781,3nh7_B
781,2qja_B
781,2qjb_B
782,2mre_B
783,4xxb_B
784,2r56_B
785,8DPT_1_A_F
785,8DPT_1_D_C
786,5tzp_B
787,5ZO2_1_B_C
787,4h5s_B
788,4kbb_B
789,6gvl_B
789,6gvk_B
790,2wus_B
791,2m0j_B
792,7Q4I_1_A_F
792,7Q4I_1_B_G
793,6WEO_1_0_Z
793,6WEO_1_0_Y
794,4zfo_B
794,6j7w_B
795,5fcu_B
795,4ybl_B
796,5tp6_B
797,6e4z_B
798,3dxc_B
799,3fju_B
800,8I34_1_A_B
800,8I34_1_B_A
801,5k59_B
802,2YDS_1_A_T
802,4ZXL_1_A_H
802,2YDR_1_A_P
802,2YDQ_1_A_T
803,2xns_B
804,1zhi_B
805,1p6a_B
805,1p69_B
805,1kac_B
805,2j12_B
806,6qb6_B
807,4nst_B
807,3blh_B
808,7UWL_1_B_D
808,7UWL_1_A_C
808,7UWJ_1_A_C
808,7UWJ_1_B_D
809,5kw9_B
810,6gku_B
811,8DWY_1_A_M
811,8DWY_1_B_N
811,8DWW_1_D_P
811,8DWW_1_B_N
811,8DWW_1_C_O
811,8DWY_1_C_O
811,8DWX_1_D_P
811,8DWW_1_A_M
811,8DWX_1_C_O
811,8DWY_1_D_P
811,8DWX_1_A_M
811,8DWX_1_B_N
811,7FD2_1_I_J
811,8UA8_1_E_F
811,7WC2_1_J_K
811,8UA8_1_A_B
811,7WC2_1_A_B
811,7WC2_1_G_H
811,7FD2_1_E_F
811,7FD2_1_A_B
811,7WC2_1_D_E
811,7FD2_1_M_N
811,8UA8_1_I_J
811,8UA8_1_M_N
811,3N42_1_F_B
811,6JO8_1_B_A
811,3N43_1_F_B
811,3N41_1_F_B
812,1grn_B
813,3s8v_B
814,1W1I_1_F_A
814,2BGN_1_E_B
814,1W1I_1_E_B
814,2BGN_1_F_A
815,7EEB_1_G_H
816,4ka2_B
816,4k0a_B
816,4jzw_B
817,4nso_B
817,4noo_B
818,6j9l_B
819,2bqz_B
820,6oao_B
820,8FIS_1_L_C
820,8FIS_1_L_G
820,8TNI_1_J_A
820,5OWP_1_H_D
820,5A2K_1_H_P
820,5A2I_1_H_P
820,6CBP_1_A_P
820,7D30_1_A_B
820,3ux9_B
820,4YJZ_1_L_E
820,6qb3_B
820,7DET_1_B_A
820,3uzv_B
820,7SWD_1_I_D
820,7SWD_1_H_F
820,7SWD_1_G_B
820,8DPM_1_H_G
820,8DPL_1_O_N
820,8DPL_1_C_E
820,8DPM_1_C_B
820,8DPL_1_H_J
820,8DPM_1_M_L
820,5kov_B
821,4XL1_1_A_B
822,5dob_B
823,6WLW_1_T_S
824,6C26_1_B_A
824,6EZN_1_G_F
824,8AGC_1_G_A
824,8AGE_1_G_A
824,7OCI_1_G_F
825,4pl8_B
826,3gb8_B
827,1WSS_1_T_L
827,1WTG_1_T_L
827,2ZWL_1_T_L
827,1WQV_1_T_L
827,2ZP0_1_T_L
827,2ZZU_1_T_L
827,1WV7_1_T_L
827,1WUN_1_T_L
827,6R2W_1_T_L
827,1J9C_1_T_L
827,4YLQ_1_T_L
827,2PUQ_1_T_L
827,4Z6A_1_T_L
827,1jps_B
827,1ahw_B
827,5w06_B
827,4ZMA_1_T_L
827,3TH2_1_T_L
827,4IBL_1_T_L
827,2B8O_1_T_L
827,2A2Q_1_T_L
827,3TH4_1_T_L
827,1W0Y_1_T_L
827,1W2K_1_T_L
827,1FAK_1_T_L
827,3TH3_1_T_L
828,5gjk_B
829,4pas_B
830,6co2_B
830,5z78_B
831,1ri8_B
831,1bvk_B
831,1zv5_B
831,3a6c_B
831,6jb2_B
831,1dqj_B
831,1p2c_B
831,3a67_B
831,1zvy_B
831,1vfb_B
831,1bql_B
831,1mlc_B
831,1dzb_B
831,1rjc_B
831,2iff_B
831,1zmy_B
831,3a6b_B
831,4gn5_B
831,6jb8_B
831,1uuz_B
831,3m18_B
831,4pgj_B
831,1zvh_B
831,3g3a_B
831,1op9_B
831,3eba_B
832,1us7_B
833,6saz_B
833,7UAI_1_H_B
833,7UAI_1_A_D
834,1z92_B
834,3nfp_B
835,2hev_B
835,3me2_B
835,5bnq_B
835,3qbq_B
835,4giq_B
835,4j6g_B
835,1sg1_B
836,4etp_B
837,3e1z_B
837,3rvv_B
837,5vpl_B
837,3rvw_B
837,5vpg_B
837,2nqd_B
838,2lxm_B
839,1wve_B
840,5vt9_B
841,4h2s_B
842,4l0p_B
842,2wo3_B
843,4hix_B
844,6czo_B
845,1DE4_1_A_F
845,1DE4_1_D_C
845,1QLF_1_A_C
846,4jan_B
846,4i3r_B
847,1wa8_B
848,2kgx_B
849,5swk_B
850,2lkm_B
850,2n1d_B
851,3oxu_B
851,2xqw_B
851,8SM0_1_C_G
851,3oed_B
852,2wqz_B
852,2xb6_B
852,3biw_B
853,4cmh_B
854,5e7f_B
855,7T25_1_E_H
856,2y8t_B
856,2y8s_B
857,2vay_B
858,2hth_B
859,5dfv_B
860,3b2v_B
861,2onl_B
862,5fhx_B
862,3QB7_1_A_D
863,5xv8_B
863,2rnr_B
863,2rvb_B
863,2ruk_B
864,5zvm_B
865,7UTZ_1_B_A
865,7T9I_1_B_A
865,7XW5_1_Y_X
865,8I2G_1_Y_X
865,4MQW_1_B_A
865,4AY9_1_E_D
865,1FL7_1_B_A
865,1XWD_1_B_A
865,1HRP_1_B_A
865,1QFW_1_B_A
865,7FIG_1_Y_X
865,1HCN_1_B_A
866,6DY3_1_A_B
867,5czv_B
867,3l95_B
868,5iia_B
869,5xln_B
870,1gla_B
871,4dt1_B
872,8QY4_1_C_E
872,8QY4_1_F_B
873,4LXS_1_J_A
873,4LXR_1_J_A
873,4LXR_1_K_A
873,4BV4_1_L_R
873,4LXS_1_K_A
874,5sy8_B
874,4m62_B
874,5tfw_B
874,4odx_B
874,5t5b_B
874,4m8q_B
874,5t29_B
875,5imt_B
876,4day_B
877,6OPQ_1_C_A
877,6OPO_1_G_D
877,6OPQ_1_J_E
877,6CM3_1_H_F
877,6OPO_1_N_J
877,6CM3_1_I_E
877,6OPP_1_C_A
877,6CM3_1_G_D
877,6U0N_1_D_A
877,6OPP_1_M_J
877,6OPP_1_F_D
877,6U0L_1_D_A
877,6OPQ_1_I_D
877,6OPO_1_C_A
878,1buh_B
879,1xj7_B
880,1j7v_B
880,1y6k_B
880,1y6m_B
880,1y6n_B
881,6fbx_B
882,6dc3_B
883,2kyg_B
884,4gaf_B
885,1nw9_B
885,1i4e_B
886,2l2l_B
887,5v5v_B
888,6ieb_B
888,6iea_B
888,6iec_B
889,1mq8_B
889,3eoa_B
889,3q3g_B
889,6rhv_B
889,6rhw_B
890,7WPO_1_B_A
890,7WPZ_1_B_A
891,6RN6_1_D_B
892,3h8k_B
893,2q5d_B
893,2p8q_B
894,1p9m_B
895,2kj4_B
896,5jw9_B
897,3f1p_B
897,4h6j_B
897,2a24_B
898,8QQ0_1_A_E
898,8QPR_1_A_E
899,5nvk_B
899,5nvl_B
900,4qlp_B
901,2o3b_B
902,5usl_B
902,4etq_B
902,6b9j_B
902,5ush_B
903,7UWL_1_D_A
903,7UWL_1_C_E
903,7UWL_1_C_B
904,2ptt_B
905,6uda_B
905,5a3i_B
906,4wv1_B
906,6j6y_B
907,3bn3_B
908,2v5q_B
908,4k5a_B
908,5ma6_B
908,6h47_B
908,4jb8_B
908,6fp7_B
908,5OYJ_1_B_C
908,3q9u_B
908,3q9n_B
908,6h46_B
908,5o2s_B
908,4drx_B
908,3zu7_B
908,2j8s_B
908,3noc_B
908,5o2t_B
908,5eyp_B
908,5OYJ_1_A_C
908,2xzd_B
908,3zuv_B
908,7MXI_1_E_B
908,6ne1_B
908,6ne2_B
908,6ne4_B
909,4nzl_B
910,6ire_B
911,1zc3_B
911,1zc4_B
912,2v8s_B
913,6DY1_1_B_A
913,6DY2_1_B_A
913,6DY0_1_B_A
913,6DXX_1_B_A
913,6DXZ_1_B_A
913,6DXY_1_B_A
914,5lz6_B
915,1clv_B
916,3m63_B
916,2nbv_B
917,4f0a_B
918,1nma_B
918,1nca_B
918,4qnp_B
918,2aeq_B
919,2v1d_B
919,2kwk_B
919,5h6q_B
919,5x60_B
919,5h6r_B
920,2n2h_B
921,6fu9_B
921,6fub_B
921,5a6w_B
921,6g10_B
921,6fud_B
922,3sua_B
923,4nqw_B
924,1xqs_B
925,5czf_B
925,5cw7_B
926,4oyd_B
926,5jsb_B
926,5jsn_B
927,6i07_B
928,4zs7_B
928,5FUC_1_A_D
928,4cni_B
929,5wgg_B
930,4pj2_B
931,1mcv_B
931,1ppe_B
932,3gs2_B
933,2sic_B
933,4hx3_B
934,4bru_B
935,4xhu_B
936,4nl9_B
937,6imf_B
938,6dsl_B
939,6jhw_B
940,4did_B
941,5lqb_B
941,5utz_B
942,2jby_B
942,3qbr_B
942,2voh_B
942,2xpx_B
942,4uf1_B
943,5hyc_B
944,5yip_B
945,4y61_B
946,8JXD_1_B_A
947,8OX6_1_A_B
948,1xx9_B
948,1p0s_B
948,1id5_B
948,1azz_B
948,1xxd_B
948,2y6t_B
949,1vrc_B
949,2jel_B
949,2xdf_B
949,4xwj_B
950,6ddm_B
950,6ddv_B
950,6ddr_B
951,5DIY_1_A_P
952,1icf_B
953,2jod_B
954,3da7_B
954,1b2s_B
954,1b2u_B
954,1b3s_B
954,1b27_B
954,2za4_B
954,1x1u_B
954,1ay7_B
954,1brs_B
955,4AZ3_1_A_B
955,4AZ0_1_A_B
955,1GXS_1_C_D
955,1GXS_1_A_B
955,1WHT_1_A_B
955,3SC2_1_A_B
955,1BCR_1_A_B
956,3h8d_B
957,1z0k_B
958,4l67_B
959,1nsn_B
960,3fii_B
961,4euk_B
962,6FYW_1_B_A
963,4plo_B
964,1wlp_B
965,2lnk_B
965,3zwh_B
966,5ejc_B
967,4doh_B
968,2mzd_B
969,3k1r_B
969,5f3x_B
970,2m04_B
970,5uul_B
970,2vof_B
970,4hnj_B
971,4uwq_B
972,2z3q_B
972,2z3r_B
972,2psm_B
973,1efn_B
974,4gi3_B
975,1kxp_B
976,5mk0_B
977,2pkg_B
978,6ewb_B
979,4m5f_B
979,3wa5_B
980,5d1z_B
981,2p3f_B
982,2DJF_1_B_A
982,1K3B_1_B_A
983,5eg3_B
984,5e8e_B
984,1jmo_B
985,3wih_B
986,5nus_B
987,3V8X_1_A_B
988,1i8l_B
988,5xj3_B
988,5tru_B
989,4dcn_B
990,5xxy_B
990,6umt_B
991,5h9b_B
992,4dke_B
993,4u5w_B
994,7AUW_1_D_C
994,7AUW_1_B_A
994,6ht9_B
995,1dit_B
996,3oiq_B
997,5XZO_1_B_A
997,5XZU_1_B_A
997,1TA3_1_B_A
998,7ADO_1_G_A
998,8EOI_1_G_A
998,8J0O_1_G_A
998,6WW7_1_G_A
998,8J0N_1_G_A
999,2l1l_B
1000,5wi9_B
1001,5EO9_1_B_A
1002,4mp0_B
1003,5xeq_B
1004,1O7D_1_A_D
1004,1O7D_1_A_C
1005,6jwj_B
1006,4uuz_B
1007,2omu_B
1007,2omx_B
1007,2omz_B
1007,2omt_B
1007,2omw_B
1007,2omy_B
1007,2omv_B
1008,5nvm_B
1009,2gww_B
1010,7U7N_1_B_C
1010,8DPS_1_A_F
1010,8DPS_1_D_C
1010,8D85_1_B_C
1011,6Z2Q_1_A_D
1011,6Z2P_1_A_C
1012,1an1_B
1012,3sgb_B
1012,1r0r_B
1012,6kbr_B
1013,5bk1_B
1013,6n85_B
1014,8CR5_1_A_B
1014,8PB1_1_B_C
1014,8CR6_1_A_B
1014,8ODZ_1_B_C
1015,7BSS_1_A_C
1015,7BSW_1_A_C
1015,7BSV_1_A_C
1015,7VSG_1_A_B
1016,6e62_B
1017,2ktf_B
1018,5gy2_B
1019,4rt6_B
1020,5li1_B
1021,2v6x_B
1022,1tba_B
1023,1ijk_B
1024,4a49_B
1024,3hcu_B
1024,1j7d_B
1024,3hct_B
1024,2px9_B
1025,5th9_B
1026,3d5r_B
1026,3d5s_B
1026,2gox_B
1027,4aei_B
1027,6NT4_1_C_A
1027,8VQC_1_H_A
1028,3oun_B
1029,3rkd_B
1030,2a78_B
1030,2a9k_B
1031,2oul_B
1032,3sri_B
1033,6idx_B
1034,2dd8_B
1034,7X8W_1_A_H
1034,3bgf_B
1034,2AJF_1_E_A
1034,8JYP_1_A_D
1034,8IF2_1_B_A
1034,7YV8_1_B_A
1034,8XN2_1_B_A
1034,7XB1_1_B_A
1034,7BEH_1_E_H
1034,7XWA_1_B_A
1034,8IOV_1_B_A
1034,7XB0_1_B_A
1034,7BEL_1_R_H
1034,7SN0_1_C_A
1034,8SPH_1_E_A
1034,8XLN_1_A_D
1034,6VW1_1_E_A
1034,8SPI_1_E_A
1034,7UFK_1_E_A
1034,7U0N_1_E_A
1034,7ORB_1_R_H
1034,8Y18_1_B_A
1034,8WP8_1_B_A
1034,7BEO_1_R_H
1034,8Y6A_1_B_A
1034,7BEN_1_E_H
1035,5h07_B
1036,4khx_B
1036,4kht_B
1037,5UK5_1_B_A
1038,3l5w_B
1038,4i77_B
1038,3l5x_B
1038,5l6y_B
1038,3g6d_B
1038,4ps4_B
1038,3BPO_1_A_B
1039,2uuy_B
1040,5lxq_B
1041,3sqo_B
1041,3h42_B
1042,7LBF_1_B_C
1042,5VOB_1_B_A
1042,7LBG_1_B_A
1042,7LBE_1_B_A
1042,7T4S_1_B_A
1043,3idb_B
1043,3idc_B
1044,5ip4_B
1045,4lrx_B
1046,5u52_B
1047,6DF3_1_C_L
1048,4h2w_B
1049,1du3_B
1050,4zgq_B
1051,2ifg_B
1051,4edw_B
1051,1SGF_1_Y_Z
1051,6FFY_1_B_A
1051,1SGF_1_B_G
1052,3zet_B
1052,3zeu_B
1053,3wkt_B
1054,2kxh_B
1055,4uu9_B
1056,5x0w_B
1057,5oaq_B
1057,4re1_B
1058,2mnu_B
1059,2mly_B
1060,7R86_1_A_C
1061,4lzx_B
1062,2fyl_B
1063,3jza_B
1063,2wwx_B
1064,1u5s_B
1064,3ixe_B
1065,3doe_B
1066,5m72_B
1067,7TZF_1_R_E
1068,6b05_B
1069,2mjw_B
1069,2m49_B
1069,5lpu_B
1070,2vdb_B
1071,7EEB_1_E_G
1072,4qci_B
1073,5cjs_B
1073,5c0s_B
1073,5cjq_B
1074,4kvg_B
1075,7TY0_1_B_C
1075,7TY0_1_A_D
1076,5fvk_B
1076,4niq_B
1077,4k2u_B
1077,6oan_B
1077,6r2s_B
1078,3cqx_B
1079,1za3_B
1079,4i9x_B
1079,4od2_B
1080,6asr_B
1081,2iy0_B
1082,5BQC_1_A_B
1083,5ee5_B
1084,6mam_B
1085,2ly4_B
1085,2l14_B
1086,3k6g_B
1087,3zrz_B
1088,3fie_B
1089,3knb_B
1090,6mnq_B
1090,6mnr_B
1091,2j7p_B
1092,5yis_B
1093,2hqw_B
1094,6j14_B
1094,6jbt_B
1094,5wt9_B
1094,6k0y_B
1095,1ees_B
1096,2d10_B
1097,8PN5_1_A_I
1097,8PN3_1_A_C
1098,1p9d_B
1099,3mjh_B
1100,6mkz_B
1101,3wdg_B
1101,5ays_B
1101,5ayr_B
1102,2v51_B
1103,4eo5_B
1104,1mxe_B
1105,2c1m_B
1106,1avz_B
1106,4afz_B
1106,4ag2_B
1106,4afq_B
1106,3reb_B
1106,3rea_B
1107,3m0a_B
1107,2pop_B
1108,6gum_B
1109,2l0t_B
1110,3lb8_B
1110,1e6e_B
1111,2wy3_B
1112,4dra_B
1113,4iof_B
1114,3ul0_B
1114,3ukz_B
1115,4hcp_B
1115,1xt9_B
1115,5v5g_B
1115,5hpk_B
1115,5v5h_B
1115,2mur_B
1115,5jg6_B
1115,4k1r_B
1115,4hcn_B
1115,1q0w_B
1115,2kwv_B
1115,1q5w_B
1115,1zgu_B
1115,2g45_B
1115,1yx6_B
1115,2hd5_B
1115,2k6d_B
1115,1wrd_B
1115,4pqt_B
1115,2jt4_B
1115,2n13_B
1115,4msm_B
1115,6dgf_B
1115,2xbb_B
1115,2den_B
1115,2kwu_B
1115,4m0w_B
1115,1otr_B
1115,2mcn_B
1115,2mbb_B
1115,2fuh_B
1115,1yx5_B
1115,2kde_B
1115,6d68_B
1115,3kw5_B
1115,5v5i_B
1115,1xd3_B
1115,5lrw_B
1115,4i6l_B
1115,1cmx_B
1115,5e6j_B
1115,6d4p_B
1115,3olm_B
1115,6a6i_B
1115,2dx5_B
1115,2c7m_B
1115,1yd8_B
1115,2c7n_B
1115,5xiu_B
1115,5hps_B
1115,5v69_B
1115,2oob_B
1115,1wr6_B
1115,5v6a_B
1115,1s1q_B
1116,5n47_B
1117,6D6U_1_E_B
1117,6X3S_1_E_A
1117,8FE1_1_A_E
1117,6I53_1_B_A
1117,6HUK_1_B_A
1117,6I53_1_E_D
1117,6HUG_1_B_A
1117,6HUO_1_B_A
1117,6HUJ_1_B_A
1117,6HUP_1_B_A
1117,6X3V_1_C_D
1117,8SID_1_C_D
1117,6X3X_1_C_D
1117,6HUJ_1_E_D
1117,6HUO_1_E_D
1117,8SI9_1_A_B
1117,6X3Z_1_C_D
1117,6X3U_1_A_B
1117,6X3Z_1_A_B
1117,6X40_1_A_B
1117,6HUP_1_E_D
1117,6X3X_1_A_B
1117,7QNE_1_B_A
1117,8SID_1_A_B
1117,8SGO_1_C_D
1117,8DD2_1_A_B
1117,6X40_1_C_D
1117,6X3T_1_A_B
1117,6X3T_1_C_D
1117,8DD2_1_C_D
1117,6HUG_1_E_D
1117,6X3S_1_A_B
1117,6X3V_1_A_B
1117,6X3W_1_A_B
1117,6HUK_1_E_D
1117,8SI9_1_C_D
1117,8SGO_1_A_B
1117,6X3W_1_C_D
1117,7QNE_1_E_D
1117,6X3U_1_C_D
1117,6D6U_1_C_D
1117,6D6T_1_C_D
1117,6D6T_1_A_B
1117,8G4O_1_E_A
1117,6D6U_1_A_B
1117,8G4O_1_B_C
1117,6DW0_1_E_A
1117,6DW0_1_B_C
1117,6D6T_1_E_B
1117,6D6T_1_E_A
1118,7S07_1_A_B
1118,5w0k_B
1118,7S1B_1_A_B
1119,3n00_B
1120,4aqe_B
1120,4apx_B
1121,5xwt_B
1122,1dp5_B
1122,1g0v_B
1122,1dpj_B
1123,2b7c_B
1124,2w2x_B
1125,3kv4_B
1126,3lhp_B
1127,5b71_B
1128,4F4O_1_D_F
1128,4F4O_1_A_C
1128,3ia3_B
1128,4F4O_1_B_C
1128,4F4O_1_E_F
1129,2bym_B
1129,2byk_B
1130,1g5j_B
1131,3ouw_B
1132,3v3k_B
1133,7Z53_1_C_B
1133,7Z53_1_A_D
1133,1MHL_1_B_C
1133,5WDJ_1_A_E
1133,1D7W_1_B_C
1133,3ZS0_1_B_C
1133,3ZS0_1_A_D
1133,1D7W_1_A_D
1133,1DNU_1_A_D
1133,1MYP_1_A_D
1133,1D5L_1_B_C
1133,1DNW_1_A_D
1133,1MYP_1_B_C
1133,1CXP_1_A_D
1133,1MHL_1_A_D
1133,4DL1_1_B_C
1133,1CXP_1_B_C
1133,1DNW_1_B_C
1133,1D2V_1_B_C
1133,1DNU_1_B_C
1133,4DL1_1_A_D
1133,1D5L_1_A_D
1133,1D2V_1_A_D
1134,1jsp_B
1135,2lp0_B
1136,5xsq_B
1136,5f5o_B
1137,5wrv_B
1138,4d0n_B
1139,4K90_1_A_B
1140,4iiq_B
1141,3F8U_1_A_B
1141,8PKO_1_B_A
1141,7QNG_1_B_A
1141,7QPD_1_E_T
1142,2b42_B
1142,1te1_B
1143,1ozs_B
1144,3v6o_B
1145,5ij9_B
1145,5ij0_B
1146,3hh2_B
1146,5jhw_B
1147,5ee4_B
1148,1oyv_B
1149,6SOZ_1_B_A
1149,6SOZ_1_A_B
1150,3KQ4_1_B_A
1151,3c4m_B
1152,4ol0_B
1153,4pw9_B
1154,7DRC_1_A_C
1154,7W3V_1_A_C
1155,6E3K_1_B_A
1155,6E3L_1_B_E
1155,6E3K_1_B_E
1155,6E3L_1_B_A
1155,6E3K_1_A_I
1155,6E3K_1_A_B
1155,6E3L_1_A_B
1155,6E3L_1_A_I
1156,8BPE_1_P_E
1156,8BPG_1_A_D
1156,8BPE_1_M_F
1156,8BPG_1_B_E
1157,2ve7_B
1158,4v2c_B
1159,1f3v_B
1160,6BYK_1_A_K
1160,6BYL_1_A_G
1160,6BYJ_1_A_G
1160,6BYL_1_D_P
1160,6BZD_1_A_G
1160,6BYJ_1_D_P
1160,6BZD_1_B_K
1161,2noj_B
1162,2leh_B
1163,1ib1_B
1164,5MN2_1_D_A
1164,5ml9_B
1165,5drz_B
1166,4yiq_B
1166,6gbg_B
1166,2ver_B
1166,6gbh_B
1167,1jgn_B
1168,2vxq_B
1169,3f7p_B
1170,6U7F_1_C_A
1170,6U7E_1_C_A
1170,6U7G_1_C_A
1170,6ATK_1_D_A
1171,7NWL_1_C_A
1172,4grl_B
1172,3pl6_B
1172,4may_B
1172,4p23_B
1172,4p46_B
1172,3rdt_B
1172,4p5t_B
1172,6dfs_B
1172,2wbj_B
1173,1k5d_B
1174,4ww2_B
1174,4wwk_B
1174,4en3_B
1174,3vwj_B
1174,1mi5_B
1174,6fgb_B
1174,5d7i_B
1174,4pj5_B
1174,4pj9_B
1174,4pj8_B
1174,6nha_B
1174,5whk_B
1174,6cug_B
1174,5l2k_B
1174,3rtq_B
1174,6oor_B
1175,5cyk_B
1175,5cxb_B
1176,5djt_B
1176,1h0t_B
1176,2b87_B
1176,2m5a_B
1176,5dju_B
1176,1lp1_B
1176,5u4y_B
1176,3mzw_B
1176,3qwo_B
1176,6fgo_B
1177,3tq7_B
1178,4c7n_B
1179,1APY_1_C_D
1179,1APZ_1_C_D
1180,2qna_B
1181,7QPD_1_T_M
1182,5f5s_B
1183,5k22_B
1184,4jw2_B
1184,6gwc_B
1184,4xvp_B
1185,1oqe_B
1186,7WP8_1_G_F
1186,7WRZ_1_L_R
1186,7LRT_1_L_H
1186,7LRT_1_G_F
1186,7AKJ_1_F_C
1186,7AKJ_1_L_A
1186,7AKD_1_L_B
1186,7AKJ_1_D_B
1186,6VRH_1_C_A
1186,6VRL_1_C_A
1186,7AKD_1_E_C
1186,7WRY_1_L_R
1186,7UOT_1_R_b
1186,7UOV_1_T_c
1186,7MEP_1_J_E
1186,7UOV_1_R_b
1186,7UOV_1_P_a
1186,7UOT_1_T_c
1186,7UOT_1_P_a
1186,8G3N_1_I_L
1186,8G3P_1_J_A
1186,8G3P_1_K_D
1186,8G3N_1_H_K
1186,8G3O_1_I_B
1186,8G3M_1_F_G
1186,8G3P_1_L_E
1186,8G3P_1_I_B
1186,8G3N_1_D_J
1186,8G3N_1_F_G
1186,8G3M_1_I_L
1186,8G3M_1_D_J
1186,7MEP_1_L_A
1186,7T4S_1_I_D
1186,7LY9_1_L_D
1186,5XWD_1_D_A
1186,7LY9_1_L_G
1186,6WPT_1_L_C
1186,2AEP_1_L_A
1186,7TN9_1_F_S
1186,7TN9_1_B_U
1186,7TN9_1_D_T
1186,7SWX_1_L_A
1186,7SWW_1_L_A
1186,8F0G_1_Y_A
1186,4R0L_1_L_D
1186,4R0L_1_B_C
1186,8SAY_1_I_F
1186,8SAY_1_D_A
1186,8SAR_1_D_A
1186,8SAY_1_N_K
1186,8SAR_1_I_F
1186,8SAR_1_N_K
1186,8SAQ_1_I_E
1186,8SAQ_1_N_K
1186,8SAQ_1_D_A
1186,7ND4_1_L_H
1186,7UAR_1_L_B
1186,7MDT_1_L_A
1186,7UAR_1_G_C
1186,7UAR_1_E_A
1186,7UR6_1_L_G
1186,7UR6_1_E_A
1186,6XRT_1_L_F
1186,6XRT_1_L_E
1186,7UCG_1_E_G
1186,7UCG_1_O_P
1186,7UCG_1_F_I
1186,8CT6_1_L_A
1186,6J11_1_L_A
1186,8CT6_1_K_C
1186,6UDK_1_E_G
1186,6UDK_1_L_K
1186,6UDK_1_N_R
1186,6VO0_1_L_A
1186,6VO0_1_K_D
1186,6VO0_1_J_C
1186,6U59_1_L_A
1186,6U59_1_J_G
1186,6U59_1_E_C
1186,6X97_1_F_C
1186,6X97_1_K_G
1186,6X97_1_L_A
1186,6X96_1_F_C
1186,6X96_1_K_G
1186,6X96_1_L_A
1186,6P62_1_D_B
1186,6P62_1_G_E
1186,6P62_1_L_A
1186,6X98_1_E_C
1186,6X98_1_L_A
1186,6X98_1_J_G
1186,8TO7_1_L_C
1186,8TO7_1_K_A
1186,8TO7_1_J_B
1186,6WXL_1_E_C
1186,6WXL_1_J_G
1186,6WXL_1_L_A
1186,8JN5_1_L_C
1186,8JN4_1_L_C
1186,6DCQ_1_N_E
1186,8TJR_1_L_F
1186,8G30_1_L_O
1186,8G30_1_I_N
1186,8G30_1_K_P
1186,8G30_1_F_M
1186,8G40_1_N_I
1186,8G40_1_L_G
1186,8G40_1_M_H
1186,7MDU_1_L_A
1186,8DMH_1_I_c
1186,7MFG_1_K_I
1186,7YQZ_1_H_C
1186,8DMH_1_E_a
1186,8DMH_1_G_b
1186,7MFG_1_F_D
1186,7RU4_1_L_A
1186,7YAD_1_D_E
1186,7YQX_1_G_A
1186,7YQX_1_F_B
1186,7YQZ_1_G_A
1186,7MFG_1_L_B
1186,7YR0_1_B_A
1186,7RU3_1_F_B
1186,7KFB_1_K_B
1186,8UT5_1_H_A
1186,7KFB_1_J_A
1186,8UT4_1_H_A
1186,7RU3_1_L_A
1186,7KFB_1_L_C
1186,7M8L_1_K_B
1186,7M8L_1_L_C
1186,7M8L_1_J_A
1186,8VYG_1_B_R
1186,7K43_1_G_A
1186,8DLW_1_L_B
1186,8DLW_1_D_E
1186,7K43_1_L_B
1186,7YAD_1_B_M
1186,7K43_1_D_E
1186,8DLW_1_G_A
1186,7N8H_1_D_F
1186,7LY2_1_D_J
1186,7N8H_1_L_A
1186,7LXZ_1_D_K
1186,7SOC_1_L_A
1186,7LXZ_1_C_A
1186,7LXY_1_C_A
1186,7LY2_1_K_B
1186,7LY2_1_C_A
1186,7SO9_1_D_K
1186,7LXY_1_D_J
1186,7SO9_1_G_A
1186,7SO9_1_L_F
1186,7LXZ_1_L_B
1186,7N8H_1_G_K
1186,7LXY_1_K_B
1186,8FXB_1_L_E
1186,8FXC_1_L_E
1186,8S9G_1_L_E
1186,6WPS_1_D_B
1186,6WPS_1_L_A
1186,6WPS_1_G_E
1186,7TLY_1_B_I
1186,6WPT_1_E_A
1186,8G3R_1_B_G
1186,8G3Q_1_D_E
1186,8G3Q_1_L_F
1186,8G3Q_1_B_G
1186,8EJH_1_l_B
1186,8EJH_1_L_A
1186,8EJH_1_K_C
1186,8TJS_1_U_I
1186,1QFW_1_M_A
1186,7UOV_1_L_A
1186,7UOV_1_G_C
1186,7UOV_1_E_B
1186,7RSN_1_K_G
1186,7RSN_1_J_C
1186,7RSN_1_L_A
1186,5FYJ_1_V_G
1186,5FYK_1_V_G
1186,6NNF_1_V_G
1186,6VI0_1_J_I
1186,6VI0_1_L_G
1186,6VI0_1_D_C
1186,7RAI_1_L_A
1186,7RAI_1_M_C
1186,7RAI_1_N_E
1186,5VN8_1_J_D
1186,5VN8_1_K_E
1186,5VN8_1_L_G
1186,8GAT_1_N_A
1186,8GAU_1_N_A
1186,7TJQ_1_E_D
1186,7TJQ_1_B_A
1186,7TJQ_1_L_H
1186,7LG6_1_R_F
1186,7LG6_1_Q_E
1186,7LG6_1_L_A
1186,7X7V_1_D_E
1186,7T4G_1_I_C
1186,7T4G_1_L_A
1186,7T4G_1_K_E
1186,7T2P_1_L_A
1186,7WP8_1_L_F
1186,7SRS_1_P_R
1186,6MU7_1_E_B
1186,6NM6_1_E_B
1186,6MTN_1_E_B
1186,6MTJ_1_E_B
1186,7KI4_1_L_B
1186,7UPB_1_L_G
1186,7KI4_1_C_E
1186,7KI4_1_F_A
1186,7EYA_1_L_N
1186,8R9X_1_L_A
1186,6NNJ_1_V_G
1186,6NM6_1_V_G
1186,7LX2_1_M_B
1186,7LX3_1_O_C
1186,7LX2_1_L_A
1186,7LX2_1_O_C
1186,7LX3_1_M_B
1186,7LX3_1_L_A
1186,7LXM_1_M_C
1186,7LXN_1_N_E
1186,7LXM_1_L_A
1186,7LXN_1_L_A
1186,7LXN_1_M_C
1186,7LXM_1_O_E
1186,7L2E_1_J_B
1186,7L2E_1_L_A
1186,7L2E_1_K_C
1186,8R1D_1_G_A
1186,6DFH_1_J_C
1186,6DFH_1_K_D
1186,6DFH_1_L_A
1186,8R1D_1_E_B
1186,8R1D_1_L_C
1186,8THZ_1_F_A
1186,7WR8_1_B_R
1186,7WR9_1_B_F
1186,7KDD_1_I_A
1186,7KDD_1_G_C
1186,7KDD_1_E_B
1186,7KEJ_1_K_B
1186,7KEJ_1_L_C
1186,7KEJ_1_J_A
1186,7TFN_1_L_A
1186,7TFN_1_J_B
1186,7TFN_1_Q_C
1186,8IDN_1_L_H
1186,6ORO_1_L_G
1186,6ORO_1_E_B
1186,6ORO_1_K_I
1186,7X8W_1_L_H
1186,8DPL_1_L_M
1186,8Y4C_1_L_A
1186,8Y4C_1_G_C
1186,8SAS_1_I_F
1186,8DPL_1_B_D
1186,8Y4C_1_F_B
1186,8SAX_1_L_I
1186,8SAS_1_N_K
1186,8SAX_1_D_A
1186,8SAS_1_D_A
1186,8DPL_1_G_I
1186,8QQ0_1_D_E
1186,8SAX_1_H_E
1186,8SB5_1_N_K
1186,8DPM_1_J_F
1186,7R8M_1_L_B
1186,6UM7_1_C_I
1186,8SAW_1_D_A
1186,6UM7_1_K_A
1186,6UM7_1_G_E
1186,7R8M_1_E_C
1186,8SB2_1_I_F
1186,8SB5_1_D_A
1186,8DPM_1_O_K
1186,8SAW_1_I_E
1186,8DPM_1_E_A
1186,8SB5_1_I_F
1186,8SB2_1_D_A
1186,8SB2_1_N_K
1186,8SAW_1_N_K
1186,7ND7_1_L_H
1186,8QPR_1_D_E
1186,7ND7_1_G_F
1186,7ND7_1_K_J
1186,7UOT_1_L_C
1186,6XEY_1_L_H
1186,7R8N_1_L_B
1186,6XEY_1_K_J
1186,6XEY_1_G_F
1186,7R8N_1_N_A
1186,8DTO_1_D_A
1186,8DTO_1_H_E
1186,8DTO_1_L_I
1186,7UGQ_1_K_B
1186,7UGQ_1_J_A
1186,7UGQ_1_L_C
1186,5C6T_1_L_A
1186,8G6U_1_R_I
1186,8CZZ_1_P_E
1186,7UGN_1_Q_B
1186,8CZZ_1_N_A
1186,8G6U_1_N_A
1186,7UGQ_1_P_A
1186,8G6U_1_P_E
1186,6UDK_1_P_R
1186,6UDK_1_B_G
1186,8CZZ_1_R_I
1186,8DOK_1_N_A
1186,7UGN_1_P_A
1186,7UGQ_1_Q_B
1186,7UGQ_1_R_C
1186,6UDK_1_I_K
1186,7UGN_1_R_C
1186,8DOK_1_P_E
1186,8DOK_1_R_I
1186,8TTW_1_P_E
1186,7UCG_1_K_I
1186,7UCG_1_R_P
1186,8TTW_1_N_A
1186,7UCG_1_L_G
1186,8TTW_1_R_I
1186,6OKP_1_L_E
1186,8DT3_1_L_C
1186,7SHZ_1_F_B
1186,8X2L_1_L_B
1186,8WEJ_1_L_B
1186,7X96_1_L_G
1186,7WS1_1_D_A
1186,7WS3_1_D_A
1186,6UYE_1_K_B
1186,7WS3_1_F_B
1186,7WS0_1_H_C
1186,7WS1_1_F_B
1186,7SN3_1_G_B
1186,7WS0_1_D_A
1186,7WS7_1_F_B
1186,6UYE_1_L_C
1186,6UYE_1_J_A
1186,7SN3_1_E_A
1186,7SN3_1_L_C
1186,7SO9_1_I_F
1186,7SOA_1_L_A
1186,7SOB_1_E_D
1186,8TL5_1_J_C
1186,7SOB_1_B_A
1186,8GTQ_1_N_C
1186,8TL5_1_H_A
1186,8TL5_1_L_E
1186,7SO9_1_N_K
1186,8GTQ_1_L_A
1186,7SOB_1_L_K
1186,7BU8_1_K_A
1186,7SOD_1_L_A
1186,8GTQ_1_M_B
1186,7WBH_1_Q_B
1186,7SO9_1_B_A
1186,8TCO_1_G_C
1186,7RW2_1_J_B
1186,7RW2_1_K_C
1186,7RW2_1_L_A
1186,7TLZ_1_A_J
1186,8IV5_1_B_G
1186,8IV8_1_D_G
1186,7K9J_1_M_B
1186,7K9J_1_L_A
1186,7K9J_1_N_C
1186,7K9K_1_L_A
1186,7LY9_1_C_G
1186,8GJE_1_L_A
1186,8GJE_1_J_C
1186,7PC2_1_J_B
1186,8GJE_1_K_D
1186,7LY9_1_I_D
1186,7PC2_1_L_A
1186,7PC2_1_H_C
1186,7LY9_1_M_K
1187,2wd5_B
1188,8JJ5_1_B_A
1189,5oy9_B
1189,2kri_B
1190,1m1e_B
1191,1djs_B
1191,4dck_B
1192,4hgm_B
1193,3di3_B
1193,3di2_B
1193,4nn6_B
1194,7NYC_1_C_D
1194,7NYC_1_C_B
1195,1th1_B
1196,4G1E_1_A_B
1196,8T2V_1_A_B
1196,8GCD_1_A_B
1196,3FCS_1_A_B
1196,8GCE_1_A_B
1196,3IJE_1_A_B
1196,1JV2_1_A_B
1196,4G1M_1_A_B
1196,1M1X_1_A_B
1196,1L5G_1_A_B
1196,1U8C_1_A_B
1196,6MSU_1_A_B
1196,4MMX_1_A_B
1196,4MMY_1_A_B
1196,6MSL_1_A_B
1196,6MK0_1_A_B
1196,4MMZ_1_A_B
1196,6NAJ_1_A_B
1196,4O02_1_A_B
1197,5mi0_B
1198,3fhc_B
1199,4p1n_B
1200,6A95_1_B_A
1200,6A91_1_B_A
1200,6A90_1_B_A
1201,3tkl_B
1202,1ob1_B
1203,4ilw_B
1203,3v96_B
1204,1rkc_B
1205,5c4v_B
1206,3vhx_B
1207,4ons_B
1208,2q0o_B
1209,6pxh_B
1210,3vep_B
1211,4geh_B
1211,3w8i_B
1211,3w8h_B
1212,6oy4_B
1213,7XOI_1_A_B
1214,3vpj_B
1214,4eqa_B
1215,4u4c_B
1216,7XOI_1_B_A
1217,6kbn_B
1217,6kbm_B
1218,5ies_B
1218,4jpk_B
1219,6f0g_B
1219,6f0f_B
1219,6f0h_B
1220,1pvh_B
1220,2q7n_B
1221,1e6j_B
1222,4nm3_B
1222,4nu1_B
1223,2oin_B
1224,3oky_B
1225,6eg1_B
1225,6eg0_B
1226,4z5r_B
1226,4ypg_B
1227,5W21_1_B_A
1228,1u7f_B
1228,1u7v_B
1229,2xa0_B
1230,2i9b_B
1230,4qti_B
1230,3laq_B
1231,1WHT_1_B_A
1231,1BCR_1_B_A
1231,3SC2_1_B_A
1231,1GXS_1_B_A
1231,1GXS_1_D_C
1232,4xoi_B
1233,1tbq_B
1234,6nms_B
1234,6nmv_B
1234,6nmt_B
1234,6bit_B
1234,4kjy_B
1234,6nmr_B
1235,2k42_B
1236,1xr0_B
1237,1NP0_1_A_C
1238,2pcc_B
1238,2b11_B
1238,2b10_B
1238,2b12_B
1238,2b0z_B
1238,2pcb_B
1238,1wej_B
1238,2jti_B
1239,1ezs_B
1239,1ldt_B
1239,2tgp_B
1239,1ezu_B
1239,4j2y_B
1239,1oph_B
1239,2xtt_B
1239,2r0l_B
1239,2wuc_B
1239,2r0k_B
1239,3k2u_B
1239,2wub_B
1239,4iw4_B
1239,4qt8_B
1239,6aod_B
1239,6hhc_B
1239,6r8x_B
1239,3so3_B
1239,4d9q_B
1239,4d9r_B
1240,3p71_B
1241,6iwa_B
1241,1pjm_B
1241,1pjn_B
1241,3ul1_B
1241,6k06_B
1241,6iw8_B
1242,1v18_B
1243,8DIN_1_C_B
1243,8DIR_1_C_B
1243,8DIR_1_C_A
1243,8DIN_1_C_A
1243,4X4M_1_E_B
1243,8DJ7_1_C_B
1243,8DJ7_1_C_A
1243,4W4O_1_C_B
1243,4ZNE_1_A_J
1243,4X4M_1_E_A
1244,5u4k_B
1245,3zyi_B
1245,3zyj_B
1246,1LYA_1_B_A
1246,4OC6_1_B_A
1246,6QBG_1_B_A
1246,6QCB_1_B_A
1246,6QBH_1_B_A
1246,1LYB_1_B_A
1246,1LYA_1_D_C
1246,4OD9_1_B_A
1246,4OBZ_1_D_C
1247,2vln_B
1247,2vlq_B
1247,2vlp_B
1247,2vlo_B
1247,3u43_B
1247,1emv_B
1247,6er6_B
1247,3gjn_B
1247,2wpt_B
1248,7UOV_1_D_B
1248,8EJH_1_H_A
1248,7UOV_1_H_A
1248,7UOV_1_F_C
1249,3qs7_B
1250,1oc0_B
1251,2n8j_B
1252,6K7G_1_A_C
1252,6K7H_1_A_C
1252,6K7L_1_A_C
1252,6K7J_1_A_C
1252,6K7I_1_A_C
1252,6K7K_1_A_C
1252,6K7N_1_A_C
1252,6K7M_1_A_C
1252,7KYC_1_A_B
1252,7KYA_1_A_B
1252,7DRX_1_A_B
1252,7DSI_1_A_B
1252,7DSH_1_A_B
1252,7F7F_1_A_B
1252,7WHW_1_A_B
1252,7KYB_1_A_B
1252,7KY6_1_A_B
1252,7WHV_1_A_B
1252,6LCP_1_A_B
1252,8OXA_1_A_B
1252,8OXC_1_A_B
1252,8OXB_1_A_B
1252,7VGH_1_B_A
1252,7VGI_1_B_A
1252,8OX8_1_A_B
1252,8OX7_1_A_B
1252,7PY4_1_A_B
1252,8OX9_1_A_B
1252,8OX4_1_A_B
1252,8OX5_1_A_B
1252,7BSP_1_A_C
1252,7VSH_1_A_C
1252,7BSQ_1_A_C
1253,5jq6_B
1254,4dm6_B
1255,3o34_B
1256,5xbf_B
1256,5mv8_B
1256,5mv9_B
1257,2j59_B
1258,6e2p_B
1259,5nt7_B
1260,5bo1_B
1261,1ewy_B
1262,6X4G_1_C_A
1263,5fzt_B
1264,5ywr_B
1265,4ehq_B
1266,4zrj_B
1267,5VXZ_1_C_A
1268,3fsh_B
1269,5X2N_1_A_B
1269,5X2M_1_A_B
1269,5X2P_1_A_B
1269,5X2O_1_A_B
1269,5X2Q_1_A_B
1270,4hff_B
1270,4j32_B
1271,5vz4_B
1272,8BQU_1_B_A
1273,4f9p_B
1273,4f9l_B
1274,1F3J_1_E_D
1274,1LNU_1_B_A
1274,1K2D_1_B_A
1274,3CUP_1_B_A
1274,1es0_B
1274,1I3R_1_B_C
1274,1I3R_1_F_E
1274,1I3R_1_B_A
1274,1I3R_1_F_H
1274,1I3R_1_H_E
1274,1I3R_1_D_A
1274,1I3R_1_H_G
1274,1I3R_1_D_C
1274,1I3R_1_F_G
1274,1IEA_1_B_A
1274,5V4M_1_F_D
1274,4MDJ_1_B_A
1274,6CQR_1_B_A
1274,6CQL_1_B_A
1274,4MD5_1_B_A
1274,6ATI_1_B_A
1274,6CQN_1_B_A
1274,8TRQ_1_B_A
1274,6CPO_1_B_A
1274,4MDI_1_B_A
1274,6BIJ_1_B_A
1274,4MD4_1_B_A
1274,6BIL_1_B_A
1274,4MCY_1_B_A
1274,4MCZ_1_B_A
1274,6CPL_1_B_A
1274,6BIZ_1_B_A
1274,6BIV_1_A_B
1274,8TBP_1_B_A
1274,6BIN_1_B_A
1274,6NIX_1_B_A
1274,6BIY_1_B_A
1274,4MD0_1_B_A
1274,6CPN_1_B_A
1274,6ATF_1_B_A
1274,6BIX_1_B_A
1274,1DLH_1_B_A
1274,4H25_1_B_A
1274,6ATZ_1_B_A
1274,1DLH_1_B_D
1274,7ZFR_1_B_A
1274,1DLH_1_E_A
1274,4H26_1_B_A
1274,1DLH_1_E_D
1274,7N19_1_B_A
1274,8EUQ_1_B_A
1274,9B7B_1_B_A
1274,4Y1A_1_B_A
1274,4Y19_1_B_A
1274,6CQJ_1_B_A
1274,8TRR_1_B_A
1274,1D5M_1_B_A
1274,6V13_1_B_A
1274,6V15_1_B_A
1274,6V0Y_1_B_A
1274,1FYT_1_B_A
1274,6V18_1_B_A
1274,6V19_1_B_A
1274,2SEB_1_B_A
1274,8TRL_1_B_A
1274,6V1A_1_B_A
1274,1H15_1_B_A
1274,1KTD_1_B_A
1274,6CQQ_1_B_A
1274,4FQX_1_B_A
1274,6BIR_1_B_A
1274,8VCX_1_B_A
1274,8VDU_1_H_A
1274,8VDU_1_K_A
1274,1UVQ_1_B_A
1274,7KEI_1_B_A
1274,5KSB_1_B_A
1274,7T6I_1_B_A
1274,4P57_1_B_A
1274,6U3O_1_F_E
1274,6U3M_1_D_C
1274,7T2D_1_B_A
1274,7T2B_1_B_A
1275,5ymy_B
1276,3bp8_B
1277,2lpb_B
1278,1t44_B
1279,2mro_B
1280,4ds8_B
1280,3ujg_B
1281,4ui0_B
1282,5wux_B
1282,5yoy_B
1282,3wd5_B
1282,3l9j_B
1282,4g3y_B
1282,4KGQ_1_B_C
1282,4KGG_1_B_C
1283,5fr1_B
1283,5fr2_B
1283,4f38_B
1284,2E33_1_A_B
1285,3dco_B
1286,1p1z_B
1286,1p4l_B
1287,2vxt_B
1287,3WO3_1_A_B
1287,4hjj_B
1287,3WO4_1_A_B
1287,4R6U_1_B_C
1287,4eee_B
1288,2mkc_B
1289,2a7u_B
1290,6aaf_B
1291,4k3j_B
1292,5jto_B
1293,4BFI_1_B_A
1294,3t6g_B
1295,4mit_B
1296,8Q6R_1_C_D
1296,7B26_1_A_B
1296,6S08_1_B_A
1296,6S0B_1_B_A
1297,1A0H_1_D_E
1297,1A0H_1_A_B
1297,3E6P_1_L_H
1297,6PX5_1_X_B
1298,6bxc_B
1298,6bxa_B
1299,3gc3_B
1300,6WLW_1_V_U
1300,9B8O_1_p_P
1301,6mud_B
1301,4ovn_B
1302,6f9s_B
1303,6g04_B
1304,5xnp_B
1305,5inb_B
1305,5ioh_B
1305,5j28_B
1306,5y11_B
1307,4XI5_1_A_B
1307,4XHJ_1_A_B
1308,4yvq_B
1309,6ch3_B
1310,8TNT_1_B_A
1310,7CZE_1_B_A
1310,7S1B_1_B_A
1310,5T1D_1_B_A
1310,8TNN_1_B_A
1311,4d0g_B
1311,4c4p_B
1312,6cmg_B
1313,2wp0_B
1314,3ukw_B
1315,1i8k_B
1316,4asw_B
1317,1kig_B
1318,6q69_B
1319,3ul4_B
1319,4dh2_B
1320,4u97_B
1321,4lqf_B
1321,4lu5_B
1322,1eo8_B
1322,5w42_B
1322,1qfu_B
1322,4fqy_B
1322,4fqi_B
1322,6ii4_B
1323,4G1M_1_B_A
1323,6MSU_1_B_A
1323,4MMY_1_B_A
1323,6MSL_1_B_A
1323,4MMZ_1_B_A
1323,4MMX_1_B_A
1323,6NAJ_1_B_A
1323,4O02_1_B_A
1323,6MK0_1_B_A
1323,4G1E_1_B_A
1323,4NEH_1_B_A
1323,4NEN_1_B_A
1323,5ES4_1_B_A
1323,3K6S_1_B_A
1323,3K71_1_B_A
1323,7USM_1_B_A
1323,7USL_1_B_A
1323,3K72_1_B_A
1324,6mun_B
1325,3gj4_B
1326,4brw_B
1327,3ch5_B
1328,3ma9_B
1328,2xra_B
1328,3mac_B
1328,2cmr_B
1329,4bqd_B
1330,1l4d_B
1330,1l4z_B
1331,5xco_B
1332,4jmf_B
1333,6ob1_B
1334,3onl_B
1335,5npo_B
1336,4c5g_B
1337,1pk1_B
1338,3etb_B
1339,3f5c_B
1340,1atn_B
1341,6ov2_B
1342,3opz_B
1343,5jem_B
1344,4x33_B
1345,6KD5_1_A_B
1346,3e2u_B
1347,2lqc_B
1348,6gd5_B
1349,4b1v_B
1350,7KD6_1_B_E
1350,2dsp_B
1350,1wqj_B
1350,2dsr_B
1350,3kr3_B
1350,2l29_B
1350,6ff3_B
1351,2mws_B
1352,1ihs_B
1353,2wy2_B
1354,8TZO_1_B_A
1354,7KC4_1_B_D
1354,8TZR_1_B_A
1355,6dc8_B
1356,5yr0_B
1357,2yj1_B
1358,1tt5_B
1359,1i2m_B
1360,1ogy_B
1361,1q68_B
1361,1q69_B
1362,4PE5_1_A_C
1363,5dmi_B
1363,7KX0_1_D_C
1363,7KX0_1_E_A
1363,7KX0_1_F_B
1363,2aw2_B
1363,3tje_B
1364,1uad_B
1365,7XT6_1_C_A
1365,7XQ8_1_B_A
1366,6b0s_B
1367,2rr3_B
1368,6um5_B
1369,1u0s_B
1370,3lbx_B
1371,1zsg_B
1372,5UK5_1_A_B
1373,3r1g_B
1374,3dvm_B
1375,7LBC_1_B_A
1375,4ZCG_1_B_A
1375,7LA5_1_B_A
1375,4ZBK_1_B_A
1375,4ZC6_1_B_A
1375,4Z9O_1_B_A
1375,6XPC_1_B_A
1375,5V4Q_1_B_A
1376,5l6n_B
1377,4V3D_1_C_D
1378,4dxa_B
1379,3bky_B
1380,8GZ1_1_D_B
1380,8GZ2_1_D_B
1381,1wa7_B
1382,2w2n_B
1382,2w2m_B
1383,4j2l_B
1384,1t6b_B
1384,1tzn_B
1385,9AT8_1_F_E
1386,6jcs_B
1387,4u0q_B
1388,1zm4_B
1389,2k8b_B
1389,2k8c_B
1390,5ixd_B
1391,3h3g_B
1392,3beg_B
1393,7YTC_1_J_A
1393,7YTC_1_J_L
1393,7Y09_1_J_L
1393,7JG2_1_J_C
1393,6UE7_1_D_B
1393,7Y09_1_J_A
1393,6KXS_1_J_A
1393,7Y0J_1_J_L
1393,7Y0H_1_J_A
1393,7Y0H_1_J_L
1393,6KXS_1_J_L
1393,7YSG_1_J_A
1393,7YG2_1_J_A
1393,7YG2_1_J_L
1393,7YSG_1_J_L
1393,7YTD_1_J_A
1393,7YTD_1_J_L
1393,8BPE_1_J_L
1393,8BPF_1_J_A
1393,8BPF_1_J_L
1394,3cx6_B
1394,3cx8_B
1394,3cx7_B
1395,2j1k_B
1396,6e4y_B
1397,3k9m_B
1398,3ajb_B
1399,6fq0_B
1400,9BRZ_1_b_c
1401,4zi3_B
1401,4zi2_B
1402,4yc7_B
1403,5kho_B
1403,4k81_B
1403,1lfd_B
1403,1he8_B
1403,2uzi_B
1403,1wq1_B
1403,6ba6_B
1403,4hdq_B
1403,4hdo_B
1403,1vg0_B
1403,5szk_B
1403,5szh_B
1403,5o74_B
1403,2fu5_B
1403,1a2k_B
1403,2ot3_B
1403,2efh_B
1403,2efd_B
1403,4g01_B
1404,5d1k_B
1404,5d1l_B
1404,5d1m_B
1405,4rs1_B
1406,2jtt_B
1407,5tdy_B
1408,2pms_B
1409,4ofy_B
1410,4WM0_1_A_D
1410,4WN2_1_A_D
1410,4WMK_1_A_D
1410,4WMI_1_A_D
1410,4WMA_1_A_D
1410,4WMB_1_A_D
1410,4WNH_1_A_D
1411,4hj0_B
1411,6dkj_B
1411,5e94_B
1412,2xze_B
1413,1f34_B
1414,7CM3_1_B_A
1414,7W7G_1_D_C
1414,7CU3_1_B_A
1414,7SX3_1_B_A
1414,7SX4_1_B_A
1415,5W7B_1_C_A
1416,6s8s_B
1417,3t1q_B
1418,4liq_B
1419,5wuj_B
1420,4g6v_B
1421,5vx0_B
1421,5vwy_B
1421,5vx2_B
1421,5vwx_B
1421,5vx3_B
1422,5U7Z_1_A_B
1422,6MHM_1_A_B
1423,2ZR1_1_A_B
1423,2AAI_1_A_B
1423,8TFH_1_A_B
1423,7KBI_1_A_B
1423,7KD0_1_A_B
1423,7KBK_1_A_B
1423,3RTJ_1_A_B
1423,7KD2_1_A_B
1423,7KDM_1_A_B
1423,3RTI_1_A_B
1423,7KC9_1_A_B
1423,2RG9_1_A_B
1423,4EB2_1_A_B
1423,6ELY_1_A_B
1423,1ONK_1_A_B
1423,3D7W_1_A_B
1423,4JKX_1_A_B
1423,1PUU_1_A_B
1423,1OQL_1_A_B
1423,1M2T_1_A_B
1423,3O5W_1_A_B
1423,2R9K_1_A_B
1423,1PUM_1_A_B
1423,2MLL_1_A_B
1423,1CE7_1_A_B
1423,1PC8_1_A_B
1423,1YF8_1_A_B
1423,1TFM_1_A_B
1424,6obn_B
1425,3eoy_B
1426,5wpa_B
1427,7WVG_1_C_A
1427,8GV7_1_C_A
1427,7T6X_1_C_U
1427,7KFH_1_G_A
1427,7KFH_1_I_C
1427,7KFH_1_H_B
1427,7BU8_1_J_A
1427,7KDD_1_D_A
1427,7KDD_1_F_B
1427,8G3P_1_C_B
1427,8G3O_1_A_G
1427,8G3O_1_C_B
1427,8G3P_1_F_A
1427,8G3O_1_E_H
1427,8G3P_1_H_E
1427,7SOC_1_H_A
1427,7L56_1_J_A
1427,7L56_1_F_B
1427,8G40_1_B_H
1427,8G40_1_C_I
1427,8G40_1_A_G
1427,8SAX_1_C_A
1427,8SAX_1_K_I
1427,8SAX_1_G_E
1427,4R8W_1_H_A
1427,7TLY_1_A_I
1427,7YAD_1_C_E
1427,8SAW_1_H_E
1427,6UM7_1_F_E
1427,8SB2_1_H_F
1427,6UM7_1_J_A
1427,8SB2_1_C_A
1427,8VYG_1_A_R
1427,8SAW_1_M_K
1427,6UM7_1_B_I
1427,8SAW_1_C_A
1427,8SB2_1_M_K
1427,7UOV_1_O_a
1427,7UOV_1_S_c
1427,8T7A_1_F_b
1427,8T7A_1_H_c
1427,7UOT_1_S_c
1427,7UOV_1_Q_b
1427,8UT3_1_F_C
1427,8T7A_1_D_a
1427,7UOT_1_O_a
1427,7UOT_1_Q_b
1427,8S9G_1_H_E
1427,8FXC_1_H_E
1427,8FXB_1_H_E
1427,7YAD_1_A_M
1427,6WPS_1_H_A
1427,7YQZ_1_J_C
1427,6WPS_1_F_E
1427,6WPT_1_D_A
1427,7YQZ_1_I_A
1427,7YQX_1_I_A
1427,7YQX_1_H_B
1427,6WPS_1_C_B
1427,7YR0_1_C_A
1427,6WPT_1_H_C
1427,8EUU_1_K_E
1427,7N8H_1_H_K
1427,8EUU_1_G_A
1427,7N8H_1_E_F
1427,8EUW_1_K_E
1427,8DLW_1_C_E
1427,7LXZ_1_F_A
1427,7LY2_1_M_B
1427,7K43_1_F_A
1427,8EUU_1_I_C
1427,7LY2_1_F_A
1427,7LXZ_1_E_K
1427,8EUW_1_I_C
1427,8EUV_1_I_C
1427,7LXY_1_M_B
1427,8EUV_1_G_A
1427,8EUW_1_G_A
1427,7LY2_1_E_J
1427,8EUV_1_K_E
1427,8JN1_1_H_E
1427,7LXY_1_F_A
1427,7LXY_1_E_J
1427,7SO9_1_E_K
1427,8DLW_1_F_A
1427,7SO9_1_M_F
1427,7N8H_1_M_A
1427,7K43_1_H_B
1427,7SO9_1_H_A
1427,7LXZ_1_M_B
1427,7K43_1_C_E
1427,8DLW_1_H_B
1427,7R8O_1_M_A
1427,7R8O_1_H_E
1427,7R8O_1_O_B
1427,7UAR_1_D_A
1427,6MYY_1_H_A
1427,7WBH_1_O_B
1427,6MYY_1_G_E
1427,7WBH_1_U_A
1427,7RU4_1_H_A
1427,7WBH_1_P_C
1427,6MYY_1_D_B
1427,7WB5_1_H_R
1427,7RU3_1_E_B
1427,7RU3_1_H_A
1427,8G3R_1_C_G
1427,8G3P_1_G_D
1427,7MEP_1_H_A
1427,7MEP_1_H_C
1427,6J11_1_H_A
1427,7WR9_1_A_F
1427,7WR8_1_A_R
1427,6NFC_1_H_A
1427,7BU8_1_H_C
1427,7KDD_1_H_C
1427,7L56_1_H_C
1427,7RSN_1_H_A
1427,7RSN_1_H_G
1427,7RSN_1_F_C
1427,7RSN_1_F_G
1427,7RSN_1_E_A
1427,7RSN_1_E_C
1427,8U44_1_U_H
1427,8U44_1_S_G
1427,8U44_1_V_A
1427,8TNI_1_X_E
1427,8FIS_1_H_G
1427,6VTT_1_H_G
1427,6VTT_1_H_F
1427,8FLW_1_H_I
1427,8FLW_1_H_G
1427,8FLW_1_H_C
1427,7KFB_1_H_B
1427,7KFB_1_I_C
1427,7M8L_1_H_B
1427,7KFB_1_G_A
1427,7M8L_1_G_A
1427,7M8L_1_I_C
1427,6DCQ_1_M_D
1427,6DCQ_1_H_F
1427,8EJI_1_H_A
1427,8CXI_1_H_A
1427,5N0A_1_I_A
1427,5N0A_1_H_B
1427,4UT6_1_H_A
1427,6UDK_1_D_G
1427,6UDK_1_D_R
1427,6UDK_1_M_K
1427,6UDK_1_H_G
1427,6UDK_1_H_K
1427,6UDK_1_M_R
1427,7UR6_1_J_F
1427,7UR6_1_D_A
1427,7R8N_1_M_A
1427,7R8N_1_H_B
1427,4wem_B
1427,6h71_B
1427,8F8W_1_C_A
1427,8F8X_1_C_B
1427,8PE2_1_B_A
1427,8F8W_1_C_B
1427,8F8W_1_D_A
1427,8F8W_1_D_B
1427,8F8X_1_D_A
1427,8F8X_1_C_A
1427,6h6y_B
1427,4eig_B
1427,8UG9_1_O_C
1427,8G76_1_E_A
1427,8UG9_1_N_B
1427,8G70_1_H_B
1427,8G76_1_I_D
1427,8G70_1_I_D
1427,8G70_1_E_A
1427,8UG9_1_M_A
1427,8G76_1_H_B
1427,8G78_1_H_B
1427,8G78_1_I_D
1427,8G78_1_J_A
1427,5hgg_B
1427,5O8F_1_O_E
1427,5lhn_B
1427,6A96_1_O_E
1427,5O8F_1_K_A
1427,6A96_1_K_D
1427,5O8F_1_L_B
1427,5O8F_1_N_D
1427,5O8F_1_M_C
1427,6A96_1_L_C
1427,5OJM_1_O_E
1427,5OJM_1_M_C
1427,6h15_B
1427,5OJM_1_L_B
1427,5OJM_1_K_A
1427,5OJM_1_N_D
1427,7QND_1_L_C
1427,7QN6_1_K_B
1427,7QNA_1_N_E
1427,6QFA_1_L_C
1427,7QN9_1_L_C
1427,6QFA_1_M_D
1427,7QN8_1_L_C
1427,7QNC_1_F_C
1427,7QN5_1_G_D
1427,7QNC_1_G_D
1427,7QNB_1_N_E
1427,7QND_1_M_D
1427,6QFA_1_K_B
1427,7QN5_1_F_C
1427,6QFA_1_N_E
1427,7QN8_1_M_D
1427,7QN6_1_L_C
1427,7QND_1_K_B
1427,6QFA_1_O_A
1427,7QN7_1_F_C
1427,7QN6_1_M_D
1427,8PVB_1_O_A
1427,7QN7_1_G_D
1427,7A5V_1_O_A
1427,7QN9_1_M_D
1427,7QN8_1_K_B
1427,2p49_B
1427,3qsk_B
1427,2p4a_B
1427,4pou_B
1427,5boz_B
1427,7SQ1_1_A_G
1427,7SQ1_1_H_E
1427,7TXZ_1_H_B
1427,7TXZ_1_E_A
1427,6FYU_1_I_G
1427,6FYU_1_C_A
1427,8C9X_1_H_C
1427,8C9X_1_G_B
1427,8C9X_1_F_A
1427,8C9X_1_J_E
1427,8C9X_1_I_D
1427,2p43_B
1427,2p42_B
1427,2p44_B
1427,2p46_B
1427,2p47_B
1427,2p45_B
1427,2p48_B
1427,5HVF_1_B_A
1427,5HVH_1_C_A
1427,7LY9_1_H_K
1427,6h6z_B
1427,5m2m_B
1427,8CI1_1_H_C
1427,7NOZ_1_R_D
1427,8CI1_1_J_E
1427,8CI1_1_I_D
1427,8CI1_1_G_B
1427,8CI1_1_F_A
1427,4KRM_1_B_A
1427,8CE4_1_I_D
1427,8CE4_1_H_C
1427,4KRL_1_B_A
1427,8CE4_1_F_A
1427,8CE4_1_G_B
1427,8CE4_1_J_E
1427,6h16_B
1427,6cwg_B
1427,7LXZ_1_H_A
1427,7LXZ_1_G_B
1427,7LXZ_1_N_K
1427,5W9I_1_G_E
1427,5W9I_1_C_A
1427,5W9H_1_H_G
1427,5W9I_1_K_I
1427,5W9H_1_B_A
1427,5W9H_1_E_D
1427,6PV7_1_F_D
1427,6PV8_1_F_D
1427,6PV8_1_H_A
1427,6PV7_1_H_A
1427,5U8Q_1_H_A
1427,5U8R_1_H_A
1427,6P65_1_F_E
1427,6P65_1_H_A
1427,6P65_1_C_B
1427,7YR1_1_H_A
1427,7YR1_1_D_B
1427,7YR1_1_E_C
1427,8TL5_1_I_C
1427,8TL5_1_K_E
1427,8TL5_1_G_A
1427,7KC1_1_E_C
1427,7KC1_1_J_G
1427,7KC1_1_H_A
1427,6NB3_1_H_A
1427,6P62_1_H_A
1427,6P62_1_F_E
1427,6P62_1_C_B
1427,8TCO_1_E_A
1427,6ORO_1_J_I
1427,7XST_1_F_B
1427,7XMZ_1_G_A
1427,6VO0_1_I_D
1427,6VO0_1_H_A
1427,6VO0_1_G_C
1427,6U59_1_H_A
1427,6U59_1_F_C
1427,6U59_1_K_G
1427,8FIS_1_J_F
1427,7LPN_1_I_F
1427,8FIS_1_I_F
1427,7LPN_1_H_G
1427,7LPN_1_I_G
1427,8FIS_1_J_G
1427,7LPN_1_H_C
1427,8FIS_1_I_C
1427,7LPN_1_D_F
1427,7LPN_1_D_C
1427,8G78_1_G_A
1427,8G78_1_E_D
1427,8G70_1_K_D
1427,8G77_1_F_B
1427,7TLZ_1_B_J
1427,7TM0_1_G_B
1427,7TM0_1_I_A
1427,7TM0_1_E_C
1427,7UKM_1_M_B
1427,7UKL_1_H_C
1427,7UKL_1_X_B
1427,7UKL_1_M_A
1427,7PC2_1_O_B
1427,7PC2_1_M_C
1427,7PC2_1_Q_A
1427,3ZTJ_1_G_A
1427,7D4B_1_B_A
1427,7L2F_1_H_A
1427,7L2F_1_I_B
1427,5ovw_B
1427,7L2F_1_G_C
1427,5imk_B
1427,5imm_B
1427,4GXU_1_O_C
1427,4LAJ_1_H_J
1427,6ORO_1_D_B
1427,8PE1_1_D_B
1427,6ORO_1_H_G
1427,6her_B
1427,8F0H_1_B_C
1427,8H08_1_I_B
1427,8H08_1_N_C
1427,7L2E_1_H_A
1427,7L2E_1_G_B
1427,8BF4_1_E_F
1427,8H07_1_I_B
1427,8JN5_1_H_C
1427,8H08_1_Q_A
1427,8H07_1_Q_A
1427,7L2E_1_I_C
1427,8JN4_1_H_C
1427,8H07_1_N_C
1427,7N8I_1_H_A
1427,8GTQ_1_I_B
1427,7T4S_1_H_D
1427,7SO9_1_C_A
1427,7SOA_1_H_A
1427,7SOD_1_H_A
1427,4weu_B
1427,7SOB_1_F_D
1427,7SO9_1_J_F
1427,7N8H_1_J_F
1427,5m2i_B
1427,7LXW_1_H_A
1427,7LXY_1_H_A
1427,7SOB_1_C_A
1427,8GTQ_1_H_A
1427,7N8H_1_C_A
1427,7LXY_1_N_J
1427,7SO9_1_O_K
1427,7N8H_1_O_K
1427,8GTQ_1_J_C
1427,7LXY_1_G_B
1427,7SOB_1_M_K
1427,8JVA_1_D_F
1427,8ZHG_1_H_C
1427,7WWM_1_H_A
1427,7WWM_1_I_B
1427,7WWM_1_J_C
1427,7LY2_1_G_B
1427,7MDT_1_H_A
1427,7LY0_1_H_A
1427,8BW0_1_H_C
1427,7LY2_1_N_J
1427,6fe4_B
1427,7JVA_1_H_A
1427,7LY2_1_H_A
1427,8BF4_1_D_F
1427,7D2Z_1_A_B
1427,5m2j_B
1427,6fv0_B
1427,3zkq_B
1427,6fuz_B
1427,6UYE_1_H_B
1427,6UYE_1_G_A
1427,6UYE_1_I_C
1427,7K8Z_1_M_C
1427,5o0w_B
1427,5o03_B
1427,8PIZ_1_B_A
1427,6f2g_B
1427,4eiz_B
1427,5jds_B
1427,7S7R_1_B_A
1427,4ksd_B
1427,6FYW_1_C_A
1427,5j56_B
1427,5u4m_B
1427,4i0c_B
1427,1g6v_B
1427,5FUC_1_V_D
1427,4kfz_B
1427,8XI6_1_D_A
1427,5NQW_1_C_A
1427,8XI6_1_F_B
1427,8XI6_1_H_C
1427,5NQW_1_D_B
1427,5dmj_B
1427,7UAP_1_O_C
1427,7UAP_1_H_A
1427,7UAP_1_M_B
1427,7UAQ_1_H_A
1427,5toj_B
1427,8G4M_1_D_C
1427,8G4M_1_H_I
1427,8G4M_1_J_G
1427,8G4T_1_H_I
1427,8G4T_1_D_C
1427,8G4T_1_J_G
1427,8BB7_1_D_B
1427,6FYT_1_I_B
1427,5j57_B
1427,7WWL_1_I_B
1427,7WWL_1_J_A
1427,7WWL_1_H_C
1427,7MDU_1_E_B
1427,6NFC_1_K_I
1427,4lgr_B
1427,5hvg_B
1427,4x7d_B
1427,4wen_B
1427,4x7e_B
1427,7X2L_1_B_E
1427,8G70_1_O_B
1427,8G74_1_E_B
1427,8G7B_1_E_B
1427,5o2u_B
1427,5o05_B
1427,5omn_B
1427,8R9X_1_H_A
1427,8TNG_1_H_E
1427,8Q6R_1_A_D
1427,8F4P_1_D_B
1427,7MJS_1_H_X
1427,4hep_B
1427,7WHJ_1_D_A
1427,7MJH_1_E_C
1427,4z9k_B
1427,7TN9_1_Q_V
1427,7WHJ_1_F_C
1427,7TN9_1_M_W
1427,7TN9_1_O_X
1427,8FCZ_1_D_B
1427,8FCZ_1_C_A
1427,8FD0_1_D_B
1427,8FD0_1_C_A
1427,4x7f_B
1427,8TJR_1_J_C
1427,8TJR_1_H_F
1427,3k3q_B
1427,8IDI_1_A_D
1427,8IFN_1_A_B
1427,8IFN_1_F_E
1427,8IFN_1_D_C
1427,4w6y_B
1427,8IDO_1_D_B
1427,4w6x_B
1427,7XRP_1_B_A
1427,7S2S_1_C_B
1427,8TNH_1_H_C
1427,4w6w_B
1427,6gjq_B
1427,1kxt_B
1427,1kxq_B
1427,5my6_B
1427,8TJS_1_R_I
1427,8TJS_1_R_N
1427,8TJS_1_Q_B
1427,8DER_1_X_B
1427,8DER_1_W_C
1427,8DER_1_H_A
1427,5l21_B
1427,7XCP_1_H_A
1427,8WE4_1_H_A
1427,7KDE_1_S_E
1427,7KDE_1_S_A
1427,7MXE_1_H_D
1427,7KDE_1_O_G
1427,7MXE_1_A_F
1427,7KDE_1_O_B
1427,7MXE_1_H_G
1427,7KDE_1_Q_F
1427,7KDE_1_Q_C
1427,7MXE_1_A_J
1427,7MXE_1_M_C
1427,7MXE_1_M_P
1427,6CM3_1_T_C
1427,6CM3_1_R_A
1427,6CM3_1_P_D
1427,6CM3_1_R_E
1427,6CM3_1_T_F
1427,6CM3_1_P_B
1427,8CZZ_1_C_B
1427,8DOK_1_G_F
1427,8G6U_1_G_E
1427,8GPJ_1_A_Z
1427,6NQD_1_G_E
1427,8G6U_1_K_J
1427,8CZZ_1_G_F
1427,8G6U_1_C_B
1427,8DOK_1_C_B
1427,8G6U_1_G_F
1427,8G6U_1_C_A
1427,6NQD_1_K_J
1427,6NQD_1_G_F
1427,6NQD_1_C_B
1427,8GPJ_1_H_U
1427,8GPJ_1_D_V
1427,8CZZ_1_C_A
1427,8DOK_1_C_A
1427,8CZZ_1_K_I
1427,8G6U_1_K_I
1427,8CZZ_1_K_J
1427,8GPJ_1_D_X
1427,8GPJ_1_H_Y
1427,6NQD_1_C_A
1427,8CZZ_1_G_E
1427,6NQD_1_K_I
1427,8DOK_1_K_J
1427,8DOK_1_G_E
1427,8DOK_1_K_I
1427,7A3Q_1_H_A
1427,7V3G_1_I_C
1427,7CTH_1_I_B
1427,4UT9_1_H_A
1427,7V3H_1_K_B
1427,7V3H_1_I_C
1427,7V3H_1_G_A
1427,7V3G_1_G_A
1427,7CTH_1_H_C
1427,7A3P_1_I_B
1427,7A3Q_1_I_B
1427,8DTO_1_G_E
1427,8DTO_1_C_A
1427,8DTO_1_K_I
1427,8TKC_1_K_E
1427,8TKC_1_I_C
1427,7MXE_1_R_J
1427,7KDE_1_H_G
1427,8TKC_1_G_A
1427,7KDE_1_J_F
1427,7KDE_1_M_E
1427,8TL2_1_K_E
1427,8TOP_1_U_O
1427,8TOP_1_Y_S
1427,8TOP_1_J_C
1427,8TOP_1_M_E
1427,8TOP_1_H_A
1427,8TOP_1_W_Q
1427,7UOT_1_H_A
1427,7UOT_1_H_C
1427,6PZY_1_C_A
1427,6PZY_1_G_B
1427,6PZY_1_H_E
1427,6PZY_1_I_F
1427,8TO7_1_I_A
1427,8TO7_1_G_B
1427,8TO7_1_H_C
1427,6UDK_1_A_G
1427,7UGQ_1_M_A
1427,6UDK_1_F_K
1427,6OKP_1_K_E
1427,7UGQ_1_N_B
1427,7UGQ_1_O_C
1427,7UGN_1_M_A
1427,6UDK_1_O_R
1427,7UGN_1_N_B
1427,7UGN_1_O_C
1427,8CZZ_1_O_E
1427,8CZZ_1_Q_I
1427,8G6U_1_Q_I
1427,8DOK_1_M_A
1427,8G6U_1_M_A
1427,8DOK_1_Q_I
1427,8CZZ_1_M_A
1427,8G6U_1_O_E
1427,8DOK_1_O_E
1427,8TTW_1_O_E
1427,8TTW_1_Q_I
1427,8TTW_1_M_A
1427,7UCG_1_Q_P
1427,7UCG_1_H_G
1427,7UCG_1_J_I
1427,6XRT_1_H_F
1427,7T4G_1_G_C
1427,7T4G_1_H_A
1427,7T2P_1_H_A
1427,6XRT_1_H_G
1427,7T4G_1_J_E
1427,6OKP_1_O_E
1427,6OKP_1_Q_F
1427,6OKP_1_M_D
1427,7TFN_1_H_A
1427,7LXN_1_I_C
1427,7LX2_1_H_A
1427,7LXN_1_H_A
1427,7LX2_1_P_C
1427,7LX3_1_P_C
1427,7LX2_1_N_B
1427,7LXM_1_H_A
1427,7LXM_1_N_C
1427,7LX3_1_N_B
1427,7LX3_1_H_A
1427,7LXM_1_P_E
1427,7LXN_1_J_E
1427,6NF5_1_E_C
1427,6NF5_1_O_J
1427,6NF5_1_H_A
1427,8Y4C_1_H_A
1427,8Y4C_1_E_C
1427,8Y4C_1_D_B
1427,5XWD_1_H_A
1427,5C6T_1_H_A
1427,6XSK_1_H_E
1427,6XSK_1_G_C
1427,6XSK_1_I_A
1427,7ZLK_1_M_D
1427,8EJH_1_J_C
1427,8EJH_1_h_B
1427,8EJJ_1_h_b
1427,8EJJ_1_I_c
1427,8EJJ_1_H_a
1427,7ZLK_1_S_C
1427,7KD6_1_C_E
1427,6VEP_1_C_E
1427,3W11_1_C_E
1427,6VEQ_1_C_E
1427,4OGA_1_C_E
1427,7KI4_1_D_B
1427,7KI4_1_G_E
1427,7KI4_1_H_A
1427,5J3H_1_C_E
1427,7ZLK_1_Q_C
1427,7ZLK_1_H_D
1427,7ZLK_1_O_A
1427,8T4A_1_H_A
1427,7UR6_1_H_G
1427,8T4A_1_P_F
1427,8T4A_1_O_E
1427,8CW9_1_H_F
1427,8CW9_1_C_A
1427,8CW9_1_I_E
1427,7AKD_1_H_B
1427,7AKJ_1_G_C
1427,7AKD_1_D_C
1427,7AKJ_1_H_A
1427,7AKJ_1_E_B
1427,8X2L_1_H_B
1427,8WEJ_1_H_B
1427,8P8A_1_D_A
1427,7NEQ_1_F_B
1427,6ETI_1_F_B
1427,8P8J_1_D_A
1427,8P8J_1_F_B
1427,6HCO_1_D_A
1427,6HCO_1_F_B
1427,7NEQ_1_D_A
1427,8P8A_1_F_B
1427,7NFD_1_F_B
1427,6ETI_1_D_A
1427,5NJG_1_E_B
1427,5NJG_1_C_A
1427,6FEQ_1_D_A
1427,6FEQ_1_F_B
1427,7NFD_1_D_A
1427,8G85_1_H_J
1427,8G85_1_A_K
1427,8G85_1_F_E
1427,8G85_1_F_G
1427,6VI0_1_H_G
1427,6VI0_1_K_I
1427,6VI0_1_E_C
1427,6NNF_1_U_G
1427,5FYJ_1_U_G
1427,5FYK_1_U_G
1427,6NM6_1_U_G
1427,7UGQ_1_G_A
1427,7UGQ_1_H_A
1427,7UGQ_1_I_B
1427,7UGQ_1_I_C
1427,7UGQ_1_H_B
1427,7UGQ_1_G_C
1427,7UCG_1_C_P
1427,7UCG_1_N_G
1427,7UCG_1_C_I
1427,7UCG_1_D_I
1427,7UCG_1_N_P
1427,7UCG_1_D_G
1427,8EZ3_1_H_A
1427,7PC2_1_I_A
1427,7PC2_1_I_B
1427,7LY9_1_A_K
1427,7PC2_1_G_B
1427,7PC2_1_K_A
1427,7PC2_1_G_C
1427,8GJE_1_G_C
1427,7LY9_1_E_D
1427,7LY9_1_B_G
1427,8GJE_1_H_A
1427,8GJE_1_I_D
1427,7WRY_1_H_R
1427,7WRZ_1_H_R
1427,8SAS_1_H_F
1427,8SAS_1_C_A
1427,8SAS_1_M_K
1427,8SAR_1_H_F
1427,8SAQ_1_H_E
1427,8SB5_1_H_F
1427,8SAR_1_C_A
1427,8SB5_1_M_K
1427,8SAQ_1_C_A
1427,8SAR_1_M_K
1427,8SB5_1_C_A
1427,8SAQ_1_M_K
1427,7LG6_1_O_E
1427,7LG6_1_H_A
1427,7LG6_1_P_F
1427,7K9J_1_H_A
1427,7K9J_1_J_C
1427,7K9K_1_H_A
1427,7K9J_1_I_B
1427,7TL0_1_D_A
1427,7TL0_1_F_B
1427,7TL0_1_H_C
1427,7UZ6_1_P_C
1427,7UZ6_1_M_B
1427,7UZ6_1_H_A
1427,7SWW_1_H_A
1427,7SWX_1_H_A
1427,7T6X_1_H_U
1427,6VZI_1_D_G
1427,6MU8_1_D_G
1427,6NNF_1_D_G
1427,6MU7_1_D_G
1427,6W03_1_D_G
1427,6MUF_1_D_G
1427,6MTN_1_D_G
1427,6MU6_1_D_G
1427,6MTJ_1_D_G
1427,6MTJ_1_D_B
1427,6WIX_1_D_G
1427,6NM6_1_D_G
1427,6MUG_1_D_G
1427,6NNJ_1_D_G
1427,6MU7_1_D_B
1427,6CK9_1_D_G
1427,6MTN_1_D_B
1427,8SAY_1_M_K
1427,8SAY_1_H_F
1427,8SAY_1_C_A
1427,7RAI_1_H_A
1427,7RAI_1_I_E
1427,7RAI_1_J_A
1427,7RAI_1_J_E
1427,7RAI_1_I_C
1427,7RAI_1_H_C
1427,7M6E_1_D_E
1427,7M6E_1_H_A
1427,7M6E_1_F_B
1427,7R8M_1_D_C
1427,7R8M_1_H_B
1427,7V2A_1_E_A
1427,7V2A_1_I_C
1427,7V2A_1_G_B
1427,7Q9M_1_H_C
1427,7Q9M_1_J_A
1427,7Q9M_1_E_B
1427,7XDB_1_G_B
1427,8DT3_1_H_C
1427,6DFH_1_I_D
1427,6DFH_1_G_C
1427,6DFH_1_H_A
1427,6QD8_1_W_F
1427,6QD8_1_H_B
1427,6QD8_1_Q_D
1427,8TPA_1_D_C
1427,8TPA_1_H_A
1427,8TPA_1_I_G
1427,8DE4_1_B_A
1427,8DE3_1_B_A
1427,7LI8_1_B_A
1427,7MGW_1_B_A
1427,7LIA_1_B_A
1427,8FR6_1_H_G
1427,8FR6_1_D_C
1427,8FR6_1_J_I
1427,7RW2_1_G_B
1427,7RW2_1_I_C
1427,7RW2_1_H_A
1427,6H3T_1_H_A
1427,8TCO_1_F_C
1427,5VN8_1_I_E
1427,5VN8_1_H_G
1427,5VN8_1_F_D
1427,8K5H_1_H_A
1427,7X96_1_H_G
1427,8DOK_1_H_F
1427,7MXE_1_B_F
1427,6NQD_1_H_F
1427,6NQD_1_D_B
1427,8CZZ_1_L_J
1427,8CZZ_1_H_F
1427,7MXE_1_O_C
1427,6NQD_1_L_J
1427,8DOK_1_L_J
1427,7MXE_1_L_D
1427,8G6U_1_H_F
1427,6CM3_1_U_C
1427,7KDE_1_T_A
1427,8CZZ_1_D_B
1427,7KDE_1_R_C
1427,8GPJ_1_C_W
1427,8G6U_1_D_B
1427,8GPJ_1_E_V
1427,6CM3_1_Q_B
1427,6CM3_1_S_A
1427,8DOK_1_D_B
1427,8G6U_1_L_J
1427,7KDE_1_P_B
1427,8GPJ_1_L_U
1427,7UOP_1_B_G
1427,7UOP_1_H_A
1427,7UOP_1_C_D
1427,7YHK_1_F_A
1427,4R0L_1_A_C
1427,4R0L_1_H_D
1427,6NNJ_1_U_G
1427,8IV5_1_A_G
1427,8IV8_1_C_G
1427,1kxv_B
1427,4lgp_B
1427,7TY0_1_J_D
1428,6fpg_B
1429,5cx3_B
1430,4c9b_B
1431,2ij0_B
1432,3o5t_B
1433,1vpp_B
1434,3thm_B
1435,2kxw_B
1436,4u3j_B
1437,1ffw_B
1438,5yi8_B
1439,2j5l_B
1439,2j4w_B
1440,6iua_B
1440,6iu7_B
1441,3lev_B
1442,4u2x_B
1443,3OJA_1_A_B
1444,2jki_B
1445,1eer_B
1445,6moe_B
1446,3sjd_B
1446,3zs9_B
1447,2vda_B
1448,6bck_B
1448,3hi1_B
1448,2i60_B
1448,2i5y_B
1448,1yyl_B
1448,6OEJ_1_G_H
